# x_m,y_m,w_tr_right_m,w_tr_left_m
-3.18,-3.6625,0.5275,0.5275
-3.18,-3.65,0.5303,0.5303
-3.18,-3.6375,0.5322,0.5322
-3.18,-3.625,0.5344,0.5344
-3.1675,-3.6125,0.5247,0.5247
-3.1675,-3.6,0.5275,0.5275
-3.1675,-3.5875,0.5306,0.5306
-3.1675,-3.575,0.534,0.534
-3.1675,-3.5625,0.534,0.534
-3.155,-3.55,0.5275,0.5275
-3.155,-3.5375,0.5306,0.5306
-3.155,-3.525,0.534,0.534
-3.155,-3.5125,0.5297,0.5297
-3.1425,-3.5,0.5275,0.5275
-3.1425,-3.4875,0.5303,0.5303
-3.1425,-3.475,0.5297,0.5297
-3.13,-3.4625,0.5222,0.5222
-3.13,-3.45,0.5247,0.5247
-3.13,-3.4375,0.5275,0.5275
-3.1175,-3.425,0.5186,0.5186
-3.1175,-3.4125,0.522,0.522
-3.1175,-3.4,0.5247,0.5247
-3.105,-3.3875,0.5154,0.5154
-3.105,-3.375,0.5186,0.5186
-3.105,-3.3625,0.522,0.522
-3.105,-3.35,0.5247,0.5247
-3.0925,-3.3375,0.5154,0.5154
-3.0925,-3.325,0.5186,0.5186
-3.0925,-3.3125,0.522,0.522
-3.0925,-3.3,0.522,0.522
-3.08,-3.2875,0.518,0.518
-3.08,-3.275,0.522,0.522
-3.08,-3.2625,0.5223,0.5223
-3.08,-3.25,0.518,0.518
-3.0675,-3.2375,0.522,0.522
-3.0675,-3.225,0.522,0.522
-3.0675,-3.2125,0.5186,0.5186
-3.0675,-3.2,0.5154,0.5154
-3.0675,-3.1875,0.5125,0.5125
-3.055,-3.175,0.522,0.522
-3.055,-3.1625,0.5186,0.5186
-3.055,-3.15,0.5154,0.5154
-3.055,-3.1375,0.5125,0.5125
-3.055,-3.125,0.5099,0.5099
-3.055,-3.1125,0.5076,0.5076
-3.0425,-3.1,0.518,0.518
-3.0425,-3.0875,0.5163,0.5163
-3.0425,-3.075,0.5149,0.5149
-3.0425,-3.0625,0.5125,0.5125
-3.03,-3.05,0.5222,0.5222
-3.03,-3.0375,0.5199,0.5199
-3.03,-3.025,0.518,0.518
-3.03,-3.0125,0.5163,0.5163
-3.03,-3,0.5149,0.5149,
-3.03,-2.9875,0.5139,0.5139
-3.0175,-2.975,0.5256,0.5256
-3.0175,-2.9625,0.5251,0.5251
-3.0175,-2.95,0.525,0.525
-3.005,-2.9375,0.5369,0.5369
-3.005,-2.925,0.5344,0.5344
-3.005,-2.9125,0.5322,0.5322
-3.005,-2.9,0.5303,0.5303
-3.005,-2.8875,0.5287,0.5287
-2.9925,-2.875,0.5398,0.5398
-2.9925,-2.8625,0.5388,0.5388
-2.9925,-2.85,0.5381,0.5381
-2.9925,-2.8375,0.5376,0.5376
-2.9925,-2.825,0.5375,0.5375
-2.98,-2.8125,0.5491,0.5491
-2.98,-2.8,0.5467,0.5467
-2.98,-2.7875,0.5446,0.5446
-2.98,-2.775,0.5427,0.5427
-2.9675,-2.7625,0.5535,0.5535
-2.9675,-2.75,0.5523,0.5523
-2.955,-2.7375,0.5637,0.5637
-2.955,-2.725,0.5631,0.5631
-2.955,-2.7125,0.5626,0.5626
-2.955,-2.7,0.5625,0.5625
-2.9425,-2.6875,0.575,0.575
-2.9425,-2.675,0.575,0.575
-2.9425,-2.6625,0.575,0.575
-2.93,-2.65,0.5875,0.5875
-2.93,-2.6375,0.5875,0.5875
-2.93,-2.625,0.5875,0.5875
-2.9175,-2.6125,0.6,0.6
-2.9175,-2.6,0.5982,0.5982
-2.9175,-2.5875,0.5959,0.5959
-2.9175,-2.575,0.594,0.594
-2.905,-2.5625,0.6047,0.6047
-2.905,-2.55,0.6032,0.6032
-2.8925,-2.5375,0.6145,0.6145
-2.8925,-2.525,0.6136,0.6136
-2.8925,-2.5125,0.613,0.613
-2.88,-2.5,0.6251,0.6251
-2.88,-2.4875,0.625,0.625
-2.88,-2.475,0.625,0.625
-2.8675,-2.4625,0.6374,0.6374
-2.8675,-2.45,0.635,0.635
-2.855,-2.4375,0.6453,0.6453
-2.855,-2.425,0.6435,0.6435
-2.8425,-2.4125,0.6543,0.6543
-2.8425,-2.4,0.653,0.653
-2.8425,-2.3875,0.6519,0.6519
-2.83,-2.375,0.6636,0.6636
-2.83,-2.3625,0.663,0.663
-2.8175,-2.35,0.6751,0.6751
-2.8175,-2.3375,0.6742,0.6742
-2.8175,-2.325,0.672,0.672
-2.805,-2.3125,0.6824,0.6824
-2.7925,-2.3,0.693,0.693
-2.7925,-2.2875,0.6916,0.6916
-2.78,-2.275,0.7028,0.7028
-2.78,-2.2625,0.7018,0.7018
-2.7675,-2.25,0.7126,0.7126
-2.7675,-2.2375,0.7094,0.7094
-2.755,-2.225,0.7186,0.7186
-2.755,-2.2125,0.7159,0.7159
-2.755,-2.2,0.7134,0.7134
-2.7425,-2.1875,0.7234,0.7234
-2.73,-2.175,0.7337,0.7337
-2.73,-2.1625,0.7319,0.7319
-2.73,-2.15,0.7303,0.7303
-2.7175,-2.1375,0.74,0.74
-2.7175,-2.125,0.7368,0.7368
-2.705,-2.1125,0.7458,0.7458
-2.705,-2.1,0.743,0.743
-2.6925,-2.0875,0.7521,0.7521
-2.6925,-2.075,0.7489,0.7489
-2.68,-2.0625,0.758,0.758
-2.68,-2.05,0.7552,0.7552
-2.6675,-2.0375,0.7641,0.7641
-2.6675,-2.025,0.761,0.761
-2.655,-2.0125,0.7701,0.7701
-2.655,-2,0.7674,0.7674
-2.6425,-1.9875,0.7771,0.7771
-2.6425,-1.975,0.7748,0.7748
-2.63,-1.9625,0.785,0.785
-2.63,-1.95,0.7823,0.7823
-2.6175,-1.9375,0.7916,0.7916
-2.6175,-1.925,0.7883,0.7883
-2.605,-1.9125,0.7974,0.7974
-2.605,-1.9,0.7945,0.7945
-2.5925,-1.8875,0.8036,0.8036
-2.58,-1.875,0.8125,0.8125
-2.58,-1.8625,0.8095,0.8095
-2.5675,-1.85,0.8189,0.8189
-2.5675,-1.8375,0.8163,0.8163
-2.555,-1.825,0.8262,0.8262
-2.5425,-1.8125,0.8364,0.8364
-2.5425,-1.8,0.8339,0.8339
-2.5425,-1.7875,0.8311,0.8311
-2.53,-1.775,0.8409,0.8409
-2.5175,-1.7625,0.8501,0.8501
-2.5175,-1.75,0.8465,0.8465
-2.505,-1.7375,0.8551,0.8551
-2.505,-1.725,0.8519,0.8519
-2.4925,-1.7125,0.861,0.861
-2.48,-1.7,0.8704,0.8704
-2.48,-1.6875,0.8672,0.8672
-2.4675,-1.675,0.8762,0.8762
-2.455,-1.6625,0.8854,0.8854
-2.4425,-1.65,0.8946,0.8946
-2.4425,-1.6375,0.8914,0.8914
-2.43,-1.625,0.9004,0.9004
-2.4175,-1.6125,0.9092,0.9092
-2.4175,-1.6,0.9053,0.9053
-2.405,-1.5875,0.9132,0.9132
-2.3925,-1.575,0.921,0.921
-2.3925,-1.5625,0.9172,0.9172
-2.38,-1.55,0.9255,0.9255
-2.3675,-1.5375,0.9341,0.9341
-2.355,-1.525,0.9429,0.9429
-2.3425,-1.5125,0.952,0.952
-2.33,-1.5,0.9605,0.9605
-2.3175,-1.4875,0.9686,0.9686
-2.305,-1.475,0.977,0.977
-2.305,-1.4625,0.9736,0.9736
-2.2925,-1.45,0.9823,0.9823
-2.28,-1.4375,0.9914,0.9914
-2.2675,-1.425,1.0001,1.0001
-2.2675,-1.4125,0.9962,0.9962
-2.255,-1.4,1.0041,1.0041
-2.2425,-1.3875,1.012,1.012
-2.23,-1.3875,1.0239,1.0239
-2.2175,-1.375,1.0321,1.0321
-2.205,-1.3625,1.0405,1.0405
-2.1925,-1.35,1.0492,1.0492
-2.18,-1.3375,1.0581,1.0581
-2.1675,-1.3375,1.0702,1.0702
-2.155,-1.325,1.0791,1.0791
-2.1425,-1.3125,1.0872,1.0872
-2.13,-1.3125,1.0886,1.0886
-2.1175,-1.3,1.0958,1.0958
-2.105,-1.2875,1.1024,1.1024
-2.0925,-1.2875,1.0964,1.0964
-2.08,-1.275,1.1015,1.1015
-2.0675,-1.2625,1.1069,1.1069
-2.055,-1.2625,1.1013,1.1013
-2.0425,-1.25,1.1071,1.1071
-2.03,-1.25,1.1018,1.1018
-2.0175,-1.2375,1.108,1.108
-2.005,-1.2375,1.103,1.103
-1.9925,-1.2375,1.0981,1.0981
-1.98,-1.225,1.1049,1.1049
-1.9675,-1.225,1.1003,1.1003
-1.955,-1.225,1.0958,1.0958
-1.9425,-1.2125,1.1032,1.1032
-1.93,-1.2125,1.099,1.099
-1.9175,-1.2125,1.0949,1.0949
-1.905,-1.2,1.1029,1.1029
-1.8925,-1.2,1.099,1.099
-1.88,-1.2,1.0949,1.0949
-1.8675,-1.2,1.091,1.091
-1.855,-1.1875,1.099,1.099
-1.8425,-1.1875,1.0949,1.0949
-1.83,-1.1875,1.091,1.091
-1.8175,-1.1875,1.0872,1.0872
-1.805,-1.175,1.0955,1.0955
-1.7925,-1.175,1.092,1.092
-1.78,-1.175,1.0886,1.0886
-1.7675,-1.1625,1.0975,1.0975
-1.755,-1.1625,1.0944,1.0944
-1.7425,-1.1625,1.0915,1.0915
-1.73,-1.1625,1.0887,1.0887
-1.7175,-1.15,1.0983,1.0983
-1.705,-1.15,1.0958,1.0958
-1.6925,-1.15,1.0934,1.0934
-1.68,-1.1375,1.1035,1.1035
-1.6675,-1.1375,1.1007,1.1007
-1.655,-1.1375,1.0975,1.0975
-1.6425,-1.1375,1.0944,1.0944
-1.63,-1.125,1.1037,1.1037
-1.6175,-1.125,1.1009,1.1009
-1.605,-1.125,1.0983,1.0983
-1.5925,-1.1125,1.1081,1.1081
-1.58,-1.1125,1.1057,1.1057
-1.5675,-1.1125,1.1035,1.1035
-1.555,-1.1,1.1138,1.1138
-1.5425,-1.1,1.1119,1.1119
-1.53,-1.1,1.1102,1.1102
-1.5175,-1.0875,1.121,1.121
-1.505,-1.0875,1.1195,1.1195
-1.4925,-1.0875,1.1182,1.1182
-1.48,-1.075,1.1294,1.1294
-1.4675,-1.075,1.1284,1.1284
-1.455,-1.075,1.1275,1.1275
-1.4425,-1.0625,1.1392,1.1392
-1.43,-1.0625,1.1386,1.1386
-1.4175,-1.0625,1.1381,1.1381
-1.405,-1.05,1.1503,1.1503
-1.3925,-1.05,1.1501,1.1501
-1.38,-1.05,1.15,1.15
-1.3675,-1.0375,1.1625,1.1625
-1.355,-1.0375,1.1625,1.1625
-1.3425,-1.0375,1.1625,1.1625
-1.33,-1.0375,1.1625,1.1625
-1.3175,-1.025,1.175,1.175
-1.305,-1.025,1.175,1.175
-1.2925,-1.025,1.175,1.175
-1.28,-1.025,1.175,1.175
-1.2675,-1.0125,1.1875,1.1875
-1.255,-1.0125,1.1875,1.1875
-1.2425,-1.0125,1.1875,1.1875
-1.23,-1.0125,1.1875,1.1875
-1.2175,-1,1.2,1.2
-1.205,-1,1.2,1.2
-1.1925,-1,1.2,1.2
-1.18,-1,1.2,1.2
-1.1675,-0.9875,1.2125,1.2125
-1.155,-0.9875,1.2125,1.2125
-1.1425,-0.9875,1.2125,1.2125
-1.13,-0.9875,1.2125,1.2125
-1.1175,-0.9875,1.2125,1.2125
-1.105,-0.975,1.225,1.225
-1.0925,-0.975,1.225,1.225
-1.08,-0.975,1.225,1.225
-1.0675,-0.975,1.225,1.225
-1.055,-0.9625,1.2375,1.2375
-1.0425,-0.9625,1.2375,1.2375
-1.03,-0.9625,1.2375,1.2375
-1.0175,-0.9625,1.2375,1.2375
-1.005,-0.95,1.25,1.25
-0.9925,-0.95,1.2501,1.2501
-0.98,-0.95,1.2502,1.2502
-0.9675,-0.95,1.2506,1.2506
-0.955,-0.95,1.251,1.251
-0.9425,-0.9375,1.264,1.264
-0.93,-0.9375,1.2647,1.2647
-0.9175,-0.9375,1.2655,1.2655
-0.905,-0.9375,1.2665,1.2665
-0.8925,-0.9375,1.2675,1.2675
-0.88,-0.9375,1.2687,1.2687
-0.8675,-0.9375,1.27,1.27
-0.855,-0.925,1.2838,1.2838
-0.8425,-0.925,1.2853,1.2853
-0.83,-0.925,1.287,1.287
-0.8175,-0.925,1.2887,1.2887
-0.805,-0.925,1.2906,1.2906
-0.7925,-0.925,1.2926,1.2926
-0.78,-0.925,1.2947,1.2947
-0.7675,-0.925,1.2969,1.2969
-0.755,-0.9125,1.3115,1.3115
-0.7425,-0.9125,1.3125,1.3125
-0.73,-0.9125,1.3125,1.3125
-0.7175,-0.9125,1.3125,1.3125
-0.705,-0.9125,1.3125,1.3125
-0.6925,-0.9125,1.3125,1.3125
-0.68,-0.9125,1.3125,1.3125
-0.6675,-0.9125,1.3125,1.3125
-0.655,-0.925,1.3101,1.3101
-0.6425,-0.925,1.3117,1.3117
-0.63,-0.925,1.3135,1.3135
-0.6175,-0.925,1.3153,1.3153
-0.605,-0.925,1.3173,1.3173
-0.5925,-0.925,1.3193,1.3193
-0.58,-0.925,1.321,1.321
-0.5675,-0.925,1.3197,1.3197
-0.555,-0.925,1.3184,1.3184
-0.5425,-0.925,1.3173,1.3173
-0.53,-0.925,1.3163,1.3163
-0.5175,-0.925,1.3154,1.3154
-0.505,-0.925,1.3146,1.3146
-0.4925,-0.925,1.314,1.314
-0.48,-0.925,1.3135,1.3135
-0.4675,-0.925,1.313,1.313
-0.455,-0.925,1.3127,1.3127
-0.4425,-0.925,1.3126,1.3126
-0.43,-0.925,1.3125,1.3125
-0.4175,-0.925,1.3125,1.3125
-0.405,-0.925,1.3125,1.3125
-0.3925,-0.925,1.3125,1.3125
-0.38,-0.925,1.3125,1.3125
-0.3675,-0.925,1.3126,1.3126
-0.355,-0.925,1.3127,1.3127
-0.3425,-0.925,1.313,1.313
-0.33,-0.925,1.3135,1.3135
-0.3175,-0.925,1.3135,1.3135
-0.305,-0.925,1.313,1.313
-0.2925,-0.925,1.3127,1.3127
-0.28,-0.925,1.3126,1.3126
-0.2675,-0.925,1.3125,1.3125
-0.255,-0.925,1.3125,1.3125
-0.2425,-0.925,1.3125,1.3125
-0.23,-0.925,1.3125,1.3125
-0.2175,-0.925,1.3125,1.3125
-0.205,-0.925,1.3125,1.3125
-0.1925,-0.925,1.3125,1.3125
-0.18,-0.9375,1.325,1.325
-0.1675,-0.9375,1.325,1.325
-0.155,-0.9375,1.325,1.325
-0.1425,-0.9375,1.325,1.325
-0.13,-0.9375,1.325,1.325
-0.1175,-0.9375,1.325,1.325
-0.105,-0.9375,1.325,1.325
-0.0925,-0.9375,1.325,1.325
-0.08,-0.9375,1.325,1.325
-0.0675,-0.9375,1.325,1.325
-0.055,-0.95,1.3375,1.3375
-0.0425,-0.95,1.3375,1.3375
-0.03,-0.95,1.3375,1.3375
-0.0175,-0.95,1.3375,1.3375
-0.005,-0.9625,1.35,1.35
0.0075,-0.9625,1.3489,1.3489
0.02,-0.9625,1.3473,1.3473
0.0325,-0.9625,1.3459,1.3459
0.045,-0.975,1.357,1.357
0.0575,-0.975,1.3558,1.3558
0.07,-0.975,1.3547,1.3547
0.0825,-0.975,1.3537,1.3537
0.095,-0.9875,1.3653,1.3653
0.1075,-0.9875,1.3646,1.3646
0.12,-0.9875,1.3639,1.3639
0.1325,-0.9875,1.3634,1.3634
0.145,-0.9875,1.363,1.363
0.1575,-1,1.3752,1.3752
0.17,-1,1.3751,1.3751
0.1825,-1,1.3737,1.3737
0.195,-1.0125,1.3846,1.3846
0.2075,-1.0125,1.3832,1.3832
0.22,-1.0125,1.3819,1.3819
0.2325,-1.025,1.3931,1.3931
0.245,-1.025,1.3921,1.3921
0.2575,-1.025,1.3911,1.3911
0.27,-1.0375,1.4027,1.4027
0.2825,-1.0375,1.402,1.402
0.295,-1.0375,1.4014,1.4014
0.3075,-1.05,1.4134,1.4134
0.32,-1.0625,1.4255,1.4255
0.3325,-1.0625,1.4252,1.4252
0.345,-1.0625,1.4251,1.4251
0.3575,-1.075,1.4375,1.4375
0.37,-1.075,1.4375,1.4375
0.3825,-1.0875,1.45,1.45
0.395,-1.0875,1.45,1.45
0.4075,-1.1,1.4625,1.4625
0.42,-1.1125,1.475,1.475
0.4325,-1.1125,1.475,1.475
0.445,-1.125,1.4875,1.4875
0.4575,-1.125,1.4814,1.4814
0.47,-1.1375,1.4678,1.4678
0.4825,-1.15,1.4544,1.4544
0.495,-1.1625,1.441,1.441
0.5075,-1.175,1.4277,1.4277
0.52,-1.1875,1.4145,1.4145
0.5325,-1.2,1.4014,1.4014
0.545,-1.2125,1.3884,1.3884
0.5575,-1.225,1.3755,1.3755
0.57,-1.2375,1.3627,1.3627
0.5825,-1.25,1.3501,1.3501
0.5825,-1.2625,1.35,1.35
0.595,-1.275,1.3375,1.3375
0.6075,-1.2875,1.325,1.325
0.62,-1.3,1.3125,1.3125
0.6325,-1.3125,1.3,1.3
0.6325,-1.325,1.3,1.3
0.645,-1.3375,1.2875,1.2875
0.6575,-1.35,1.275,1.275
0.6575,-1.3625,1.275,1.275
0.67,-1.375,1.2625,1.2625
0.6825,-1.3875,1.25,1.25
0.695,-1.4,1.2375,1.2375
0.695,-1.4125,1.2375,1.2375
0.7075,-1.425,1.225,1.225
0.7075,-1.4375,1.225,1.225
0.72,-1.45,1.2125,1.2125
0.72,-1.4625,1.2125,1.2125
0.7325,-1.475,1.2,1.2
0.745,-1.4875,1.1875,1.1875
0.745,-1.5,1.1875,1.1875
0.7575,-1.5125,1.175,1.175
0.7575,-1.525,1.175,1.175
0.77,-1.5375,1.1625,1.1625
0.77,-1.55,1.1625,1.1625
0.7825,-1.5625,1.15,1.15
0.7825,-1.575,1.15,1.15
0.7825,-1.5875,1.15,1.15
0.795,-1.6,1.1375,1.1375
0.8075,-1.6125,1.125,1.125
0.82,-1.625,1.1125,1.1125
0.82,-1.6375,1.1125,1.1125
0.82,-1.65,1.1125,1.1125
0.8325,-1.6625,1.1,1.1
0.8325,-1.675,1.1,1.1
0.8325,-1.6875,1.1,1.1
0.845,-1.7,1.0875,1.0875
0.845,-1.7125,1.0875,1.0875
0.845,-1.725,1.0875,1.0875
0.8575,-1.7375,1.075,1.075
0.8575,-1.75,1.0749,1.0749
0.87,-1.7625,1.0607,1.0607
0.87,-1.775,1.059,1.059
0.87,-1.7875,1.0574,1.0574
0.8825,-1.8,1.0436,1.0436
0.8825,-1.8125,1.0423,1.0423
0.8825,-1.825,1.0412,1.0412
0.895,-1.8375,1.0277,1.0277
0.895,-1.85,1.0269,1.0269
0.895,-1.8625,1.0262,1.0262
0.9075,-1.875,1.0132,1.0132
0.9075,-1.8875,1.0128,1.0128
0.9075,-1.9,1.0126,1.0126
0.92,-1.9125,1,1
0.92,-1.925,1,1
0.92,-1.9375,1,1
0.9325,-1.95,0.9875,0.9875
0.9325,-1.9625,0.9875,0.9875
0.9325,-1.975,0.9875,0.9875
0.945,-1.9875,0.975,0.975
0.945,-2,0.975,0.975
0.945,-2.0125,0.975,0.975
0.9575,-2.025,0.9625,0.9625
0.9575,-2.0375,0.9625,0.9625
0.9575,-2.05,0.9625,0.9625
0.97,-2.0625,0.95,0.95
0.97,-2.075,0.95,0.95
0.97,-2.0875,0.95,0.95
0.9825,-2.1,0.9375,0.9375
0.9825,-2.1125,0.9375,0.9375
0.995,-2.125,0.925,0.925
0.995,-2.1375,0.925,0.925
0.995,-2.15,0.925,0.925
1.0075,-2.1625,0.9125,0.9125
1.0075,-2.175,0.9125,0.9125
1.0075,-2.1875,0.9125,0.9125
1.02,-2.2,0.9,0.9
1.02,-2.2125,0.9,0.9
1.02,-2.225,0.9,0.9
1.0325,-2.2375,0.8875,0.8875
1.0325,-2.25,0.8875,0.8875
1.0325,-2.2625,0.8875,0.8875
1.045,-2.275,0.875,0.875
1.045,-2.2875,0.875,0.875
1.045,-2.3,0.875,0.875
1.045,-2.3125,0.875,0.875
1.0575,-2.325,0.8625,0.8625
1.0575,-2.3375,0.8625,0.8625
1.0575,-2.35,0.8625,0.8625
1.07,-2.3625,0.85,0.85
1.07,-2.375,0.85,0.85
1.07,-2.3875,0.85,0.85
1.0825,-2.4,0.8375,0.8375
1.0825,-2.4125,0.8375,0.8375
1.0825,-2.425,0.8375,0.8375
1.095,-2.4375,0.825,0.825
1.095,-2.45,0.825,0.825
1.095,-2.4625,0.825,0.825
1.1075,-2.475,0.8125,0.8125
1.1075,-2.4875,0.8125,0.8125
1.1075,-2.5,0.8125,0.8125
1.1075,-2.5125,0.8125,0.8125
1.12,-2.525,0.8,0.8
1.12,-2.5375,0.8,0.8
1.12,-2.55,0.8,0.8
1.1325,-2.5625,0.7875,0.7875
1.1325,-2.575,0.7875,0.7875
1.1325,-2.5875,0.7875,0.7875
1.145,-2.6,0.775,0.775
1.145,-2.6125,0.775,0.775
1.145,-2.625,0.775,0.775
1.145,-2.6375,0.775,0.775
1.1575,-2.65,0.7625,0.7625
1.1575,-2.6625,0.7625,0.7625
1.1575,-2.675,0.7625,0.7625
1.17,-2.6875,0.75,0.75
1.17,-2.7,0.75,0.75
1.17,-2.7125,0.75,0.75
1.17,-2.725,0.75,0.75
1.1825,-2.7375,0.7375,0.7375
1.1825,-2.75,0.7375,0.7375
1.1825,-2.7625,0.7375,0.7375
1.1825,-2.775,0.7375,0.7375
1.195,-2.7875,0.725,0.725
1.195,-2.8,0.725,0.725
1.195,-2.8125,0.725,0.725
1.2075,-2.825,0.7125,0.7125
1.2075,-2.8375,0.7125,0.7125
1.2075,-2.85,0.7125,0.7125
1.2075,-2.8625,0.7125,0.7125
1.22,-2.875,0.7,0.7
1.22,-2.8875,0.7,0.7
1.22,-2.9,0.7,0.7
1.22,-2.9125,0.7,0.7
1.22,-2.925,0.7,0.7
1.2325,-2.9375,0.6875,0.6875
1.2325,-2.95,0.6875,0.6875
1.2325,-2.9625,0.6875,0.6875
1.2325,-2.975,0.6875,0.6875
1.245,-2.9875,0.6751,0.6751
1.245,-3,0.6755,0.6755
1.245,-3.0125,0.676,0.676
1.245,-3.025,0.6768,0.6768
1.245,-3.0375,0.6779,0.6779
1.2575,-3.05,0.6667,0.6667
1.2575,-3.0625,0.6683,0.6683
1.2575,-3.075,0.67,0.67
1.2575,-3.0875,0.672,0.672
1.2575,-3.1,0.6742,0.6742
1.27,-3.1125,0.6636,0.6636
1.27,-3.125,0.6644,0.6644
1.27,-3.1375,0.6654,0.6654
1.27,-3.15,0.6667,0.6667
1.27,-3.1625,0.6683,0.6683
1.27,-3.175,0.67,0.67
1.2825,-3.1875,0.6597,0.6597
1.2825,-3.2,0.6619,0.6619
1.2825,-3.2125,0.6644,0.6644
1.2825,-3.225,0.6667,0.6667
1.2825,-3.2375,0.6683,0.6683
1.2825,-3.25,0.67,0.67
1.2825,-3.2625,0.672,0.672
1.2825,-3.275,0.6742,0.6742
1.2825,-3.2875,0.6766,0.6766
1.2825,-3.3,0.6793,0.6793
1.295,-3.3125,0.67,0.67
1.295,-3.325,0.672,0.672
1.295,-3.3375,0.6742,0.6742
1.295,-3.35,0.6766,0.6766
1.295,-3.3625,0.6793,0.6793
1.295,-3.375,0.6803,0.6803
1.295,-3.3875,0.676,0.676
1.295,-3.4,0.672,0.672
1.295,-3.4125,0.6681,0.6681
1.295,-3.425,0.6645,0.6645
1.295,-3.4375,0.6611,0.6611
1.3075,-3.45,0.67,0.67
1.3075,-3.4625,0.6671,0.6671
1.3075,-3.475,0.6644,0.6644
1.3075,-3.4875,0.6619,0.6619
1.3075,-3.5,0.6597,0.6597
1.3075,-3.5125,0.6576,0.6576
1.3075,-3.525,0.6549,0.6549
1.3075,-3.5375,0.6522,0.6522
1.3075,-3.55,0.6496,0.6496
1.3075,-3.5625,0.6474,0.6474
1.3075,-3.575,0.6453,0.6453
1.3075,-3.5875,0.6435,0.6435
1.32,-3.6,0.6543,0.6543
1.32,-3.6125,0.653,0.653
1.32,-3.625,0.6519,0.6519
1.32,-3.6375,0.6511,0.6511
1.32,-3.65,0.6505,0.6505
1.32,-3.6625,0.6501,0.6501
1.32,-3.675,0.65,0.65
1.32,-3.6875,0.65,0.65
1.3325,-3.7,0.6625,0.6625
1.3325,-3.7125,0.6625,0.6625
1.3325,-3.725,0.6625,0.6625
1.3325,-3.7375,0.6625,0.6625
1.3325,-3.75,0.6625,0.6625
1.3325,-3.7625,0.6625,0.6625
1.3325,-3.775,0.6625,0.6625
1.345,-3.7875,0.6751,0.6751
1.345,-3.8,0.6755,0.6755
1.345,-3.8125,0.676,0.676
1.345,-3.825,0.6768,0.6768
1.345,-3.8375,0.6779,0.6779
1.345,-3.85,0.6792,0.6792
1.345,-3.8625,0.6806,0.6806
1.3575,-3.875,0.6947,0.6947
1.3575,-3.8875,0.6966,0.6966
1.3575,-3.9,0.6988,0.6988
1.3575,-3.9125,0.7,0.7
1.3575,-3.925,0.7,0.7
1.3575,-3.9375,0.7,0.7
1.37,-3.95,0.7125,0.7125
1.37,-3.9625,0.7125,0.7125
1.37,-3.975,0.7125,0.7125
1.37,-3.9875,0.7125,0.7125
1.37,-4,0.7125,0.7125
1.37,-4.0125,0.7125,0.7125
1.37,-4.025,0.7125,0.7125
1.3825,-4.0375,0.725,0.725
1.3825,-4.05,0.725,0.725
1.3825,-4.0625,0.725,0.725
1.3825,-4.075,0.725,0.725
1.3825,-4.0875,0.725,0.725
1.3825,-4.1,0.725,0.725
1.395,-4.1125,0.7375,0.7375
1.395,-4.125,0.7375,0.7375
1.395,-4.1375,0.7376,0.7376
1.395,-4.15,0.7379,0.7379
1.395,-4.1625,0.7385,0.7385
1.395,-4.175,0.7392,0.7392
1.4075,-4.1875,0.7526,0.7526
1.4075,-4.2,0.7537,0.7537
1.4075,-4.2125,0.7551,0.7551
1.4075,-4.225,0.7566,0.7566
1.42,-4.2375,0.7708,0.7708
1.42,-4.25,0.7727,0.7727
1.42,-4.2625,0.7748,0.7748
1.42,-4.275,0.775,0.775
1.42,-4.2875,0.7751,0.7751
1.42,-4.3,0.7754,0.7754
1.42,-4.3125,0.7759,0.7759
1.4325,-4.325,0.7891,0.7891
1.4325,-4.3375,0.79,0.79
1.4325,-4.35,0.7911,0.7911
1.4325,-4.3625,0.7923,0.7923
1.445,-4.375,0.8062,0.8062
1.445,-4.3875,0.8079,0.8079
1.445,-4.4,0.8097,0.8097
1.445,-4.4125,0.8117,0.8117
1.4575,-4.425,0.8254,0.8254
1.47,-4.4375,0.8383,0.8383
1.47,-4.45,0.839,0.839
1.4825,-4.4625,0.8523,0.8523
1.495,-4.475,0.8501,0.8501
1.5075,-4.4875,0.842,0.842
1.52,-4.5,0.8341,0.8341
1.5325,-4.5125,0.8262,0.8262
1.545,-4.5125,0.8301,0.8301
1.5575,-4.525,0.8223,0.8223
1.57,-4.525,0.8266,0.8266
1.5825,-4.5375,0.8194,0.8194
1.595,-4.5375,0.8241,0.8241
1.6075,-4.5375,0.8289,0.8289
1.62,-4.55,0.8224,0.8224
1.6325,-4.55,0.8276,0.8276
1.645,-4.5625,0.8218,0.8218
1.6575,-4.5625,0.8274,0.8274
1.67,-4.5625,0.833,0.833
1.6825,-4.575,0.8274,0.8274
1.695,-4.5875,0.8218,0.8218
1.7075,-4.6,0.8162,0.8162
1.72,-4.6,0.8221,0.8221
1.7325,-4.6125,0.8171,0.8171
1.745,-4.625,0.8125,0.8125
1.7575,-4.625,0.8189,0.8189
1.77,-4.6375,0.8149,0.8149
1.7825,-4.65,0.8112,0.8112
1.795,-4.6625,0.808,0.808
1.8075,-4.675,0.8051,0.8051
1.82,-4.6875,0.8025,0.8025
1.8325,-4.6875,0.8009,0.8009
1.845,-4.7,0.7977,0.7977
1.845,-4.7125,0.7986,0.7986
1.8575,-4.725,0.7973,0.7973
1.87,-4.7375,0.7963,0.7963
1.8825,-4.75,0.795,0.795
1.895,-4.7625,0.7926,0.7926
1.9075,-4.775,0.7906,0.7906
1.92,-4.7875,0.7876,0.7876
1.9325,-4.8,0.7846,0.7846
1.945,-4.8125,0.7804,0.7804
1.945,-4.825,0.7867,0.7867
1.9575,-4.8375,0.7835,0.7835
1.97,-4.85,0.7803,0.7803
1.9825,-4.8625,0.7766,0.7766
1.995,-4.875,0.7732,0.7732
2.0075,-4.8875,0.7701,0.7701
2.02,-4.9,0.7675,0.7675
2.02,-4.9125,0.7751,0.7751
2.0325,-4.925,0.7731,0.7731
2.045,-4.9375,0.7701,0.7701
2.0575,-4.95,0.7675,0.7675
2.0575,-4.9625,0.7715,0.7715
2.07,-4.975,0.7731,0.7731
2.07,-4.9875,0.7653,0.7653
2.0825,-5,0.7675,0.7675
2.095,-5.0125,0.7701,0.7701
2.095,-5.025,0.7629,0.7629
2.1075,-5.0375,0.7662,0.7662
2.1075,-5.05,0.7593,0.7593
2.12,-5.0625,0.7632,0.7632
2.12,-5.075,0.7567,0.7567
2.1325,-5.0875,0.7613,0.7613
2.1325,-5.1,0.7552,0.7552
2.145,-5.1125,0.7603,0.7603
2.145,-5.125,0.7547,0.7547
2.1575,-5.1375,0.7551,0.7551
2.1575,-5.15,0.7537,0.7537
2.1575,-5.1625,0.7492,0.7492
2.1575,-5.175,0.7438,0.7438
2.1575,-5.1875,0.7387,0.7387
2.1575,-5.2,0.7337,0.7337
2.1575,-5.2125,0.7289,0.7289
2.1575,-5.225,0.7242,0.7242
2.1575,-5.2375,0.7198,0.7198
2.1575,-5.25,0.7156,0.7156
2.1575,-5.2625,0.7115,0.7115
2.145,-5.275,0.6957,0.6957
2.145,-5.2875,0.692,0.692
2.145,-5.3,0.6885,0.6885
2.145,-5.3125,0.6852,0.6852
2.145,-5.325,0.6821,0.6821
2.145,-5.3375,0.6793,0.6793
2.1325,-5.35,0.6644,0.6644
2.1325,-5.3625,0.6611,0.6611
2.1325,-5.375,0.6579,0.6579
2.1325,-5.3875,0.6549,0.6549
2.1325,-5.4,0.6522,0.6522
2.1325,-5.4125,0.6496,0.6496
2.1325,-5.425,0.6474,0.6474
2.12,-5.4375,0.6329,0.6329
2.12,-5.45,0.6311,0.6311
2.12,-5.4625,0.6295,0.6295
2.12,-5.475,0.6281,0.6281
2.12,-5.4875,0.627,0.627
2.12,-5.5,0.6261,0.6261
2.12,-5.5125,0.6255,0.6255
2.12,-5.525,0.6251,0.6251
2.12,-5.5375,0.625,0.625
2.1075,-5.55,0.6125,0.6125
2.1075,-5.5625,0.6126,0.6126
2.1075,-5.575,0.613,0.613
2.1075,-5.5875,0.6136,0.6136
2.1075,-5.6,0.6145,0.6145
2.1075,-5.6125,0.6157,0.6157
2.1075,-5.625,0.6171,0.6171
2.1075,-5.6375,0.6187,0.6187
2.1075,-5.65,0.6206,0.6206
2.1075,-5.6625,0.6227,0.6227
2.1075,-5.675,0.6251,0.6251
2.095,-5.6875,0.6156,0.6156
2.095,-5.7,0.6185,0.6185
2.095,-5.7125,0.6216,0.6216
2.095,-5.725,0.625,0.625
2.095,-5.7375,0.6286,0.6286
2.095,-5.75,0.6325,0.6325
2.095,-5.7625,0.6365,0.6365
2.095,-5.775,0.6406,0.6406
2.0825,-5.7875,0.6325,0.6325
2.0825,-5.8,0.6365,0.6365
2.0825,-5.8125,0.6408,0.6408
2.0825,-5.825,0.6453,0.6453
2.0825,-5.8375,0.6496,0.6496
2.0825,-5.85,0.6474,0.6474
2.07,-5.8625,0.6487,0.6487
2.07,-5.875,0.6541,0.6541
2.0575,-5.8875,0.6486,0.6486
2.0575,-5.9,0.6544,0.6544
2.0575,-5.9125,0.6579,0.6579
2.045,-5.925,0.656,0.656
2.045,-5.9375,0.6625,0.6625
2.045,-5.95,0.6601,0.6601
2.0325,-5.9625,0.6657,0.6657
2.0325,-5.975,0.6643,0.6643
2.0325,-5.9875,0.6597,0.6597
2.02,-6,0.6653,0.6653
2.02,-6.0125,0.6597,0.6597
2.0075,-6.025,0.6653,0.6653
1.995,-6.0375,0.6714,0.6714
1.995,-6.05,0.6664,0.6664
1.9825,-6.0625,0.6731,0.6731
1.9825,-6.075,0.6686,0.6686
1.97,-6.0875,0.676,0.676
1.97,-6.1,0.6667,0.6667
1.9575,-6.1125,0.6559,0.6559
1.945,-6.125,0.6453,0.6453
1.9325,-6.1375,0.635,0.635
1.92,-6.15,0.625,0.625
1.9075,-6.1625,0.6125,0.6125
1.895,-6.175,0.6001,0.6001
1.8825,-6.175,0.6005,0.6005
1.87,-6.1875,0.5887,0.5887
1.8575,-6.1875,0.5896,0.5896
1.845,-6.1875,0.5908,0.5908
1.8325,-6.1875,0.5923,0.5923
1.82,-6.1875,0.594,0.594
1.8075,-6.2,0.5836,0.5836
1.795,-6.2,0.5859,0.5859
1.7825,-6.2,0.5875,0.5875
1.77,-6.2,0.5875,0.5875
1.7575,-6.2,0.5876,0.5876
1.745,-6.2,0.588,0.588
1.7325,-6.2125,0.5762,0.5762
1.72,-6.2125,0.5772,0.5772
1.7075,-6.2125,0.5784,0.5784
1.695,-6.2125,0.5799,0.5799
1.6825,-6.2125,0.5816,0.5816
1.67,-6.225,0.5713,0.5713
1.6575,-6.225,0.5736,0.5736
1.645,-6.225,0.5762,0.5762
1.6325,-6.225,0.5791,0.5791
1.62,-6.225,0.5822,0.5822
1.6075,-6.225,0.5855,0.5855
1.595,-6.225,0.5884,0.5884
1.5825,-6.225,0.5912,0.5912
1.57,-6.225,0.5929,0.5929
1.5575,-6.225,0.5891,0.5891
1.545,-6.225,0.5855,0.5855
1.5325,-6.225,0.5822,0.5822
1.52,-6.225,0.5791,0.5791
1.5075,-6.225,0.5762,0.5762
1.495,-6.225,0.5736,0.5736
1.4825,-6.225,0.5713,0.5713
1.47,-6.225,0.5693,0.5693
1.4575,-6.2375,0.5799,0.5799
1.445,-6.2375,0.5784,0.5784
1.4325,-6.2375,0.5772,0.5772
1.42,-6.2375,0.5762,0.5762
1.4075,-6.2375,0.5755,0.5755
1.395,-6.2375,0.5751,0.5751
1.3825,-6.2375,0.575,0.575
1.37,-6.2375,0.575,0.575
1.3575,-6.2375,0.575,0.575
1.345,-6.2375,0.575,0.575
1.3325,-6.25,0.5875,0.5875
1.32,-6.25,0.5875,0.5875
1.3075,-6.25,0.5875,0.5875
1.295,-6.25,0.5875,0.5875
1.2825,-6.25,0.5875,0.5875
1.27,-6.25,0.5875,0.5875
1.2575,-6.25,0.5876,0.5876
1.245,-6.25,0.588,0.588
1.2325,-6.2625,0.6012,0.6012
1.22,-6.2625,0.6021,0.6021
1.2075,-6.2625,0.6032,0.6032
1.195,-6.2625,0.6047,0.6047
1.1825,-6.2625,0.6063,0.6063
1.17,-6.2625,0.6083,0.6083
1.1575,-6.2625,0.6105,0.6105
1.145,-6.275,0.6251,0.6251
1.1325,-6.275,0.6277,0.6277
1.12,-6.275,0.6306,0.6306
1.1075,-6.275,0.6337,0.6337
1.095,-6.275,0.637,0.637
1.0825,-6.275,0.6406,0.6406
1.07,-6.275,0.6443,0.6443
1.0575,-6.2875,0.6601,0.6601
1.045,-6.2875,0.6643,0.6643
1.0325,-6.2875,0.6686,0.6686
1.02,-6.2875,0.6731,0.6731
1.0075,-6.2875,0.675,0.675
0.995,-6.3,0.6875,0.6875
0.9825,-6.3,0.6875,0.6875
0.97,-6.3,0.6875,0.6875
0.9575,-6.3,0.6875,0.6875
0.945,-6.3,0.6875,0.6875
0.9325,-6.3,0.6875,0.6875
0.92,-6.3125,0.7,0.7
0.9075,-6.3125,0.7,0.7
0.895,-6.3125,0.7,0.7
0.8825,-6.3125,0.7,0.7
0.87,-6.3125,0.7,0.7
0.8575,-6.3125,0.7,0.7
0.845,-6.3125,0.7,0.7
0.8325,-6.3125,0.7,0.7
0.82,-6.3125,0.7,0.7
0.8075,-6.3125,0.7,0.7
0.795,-6.3125,0.7,0.7
0.7825,-6.325,0.7125,0.7125
0.77,-6.325,0.7125,0.7125
0.7575,-6.3125,0.7,0.7
0.745,-6.3125,0.7,0.7
0.7325,-6.3125,0.7,0.7
0.72,-6.3125,0.7,0.7
0.7075,-6.3125,0.7001,0.7001
0.695,-6.3125,0.7004,0.7004
0.6825,-6.325,0.7135,0.7135
0.67,-6.325,0.7143,0.7143
0.6575,-6.325,0.7152,0.7152
0.645,-6.325,0.7164,0.7164
0.6325,-6.325,0.7179,0.7179
0.62,-6.325,0.7195,0.7195
0.6075,-6.325,0.7213,0.7213
0.595,-6.325,0.7234,0.7234
0.5825,-6.3375,0.7379,0.7379
0.57,-6.3375,0.7404,0.7404
0.5575,-6.3375,0.743,0.743
0.545,-6.3375,0.7458,0.7458
0.5325,-6.3375,0.748,0.748
0.52,-6.3375,0.7502,0.7502
0.5075,-6.325,0.7404,0.7404
0.495,-6.325,0.743,0.743
0.4825,-6.325,0.7458,0.7458
0.47,-6.325,0.7489,0.7489
0.4575,-6.325,0.7521,0.7521
0.445,-6.325,0.7555,0.7555
0.4325,-6.325,0.7591,0.7591
0.42,-6.3125,0.751,0.751
0.4075,-6.3125,0.7551,0.7551
0.395,-6.3125,0.7591,0.7591
0.3825,-6.3125,0.7629,0.7629
0.37,-6.3125,0.7669,0.7669
0.3575,-6.3125,0.7711,0.7711
0.345,-6.3125,0.7754,0.7754
0.3325,-6.3125,0.7787,0.7787
0.32,-6.3,0.7731,0.7731
0.3075,-6.3,0.778,0.778
0.295,-6.3,0.7787,0.7787
0.2825,-6.2875,0.7771,0.7771
0.27,-6.2875,0.7826,0.7826
0.2575,-6.2875,0.7787,0.7787
0.245,-6.2875,0.7748,0.7748
0.2325,-6.275,0.7828,0.7828
0.22,-6.275,0.7787,0.7787
0.2075,-6.2625,0.7867,0.7867
0.195,-6.2625,0.7828,0.7828
0.1825,-6.25,0.7796,0.7796
0.17,-6.25,0.7674,0.7674
0.1575,-6.2375,0.7566,0.7566
0.145,-6.2375,0.7442,0.7442
0.1325,-6.225,0.7337,0.7337
0.12,-6.2125,0.7234,0.7234
0.1075,-6.2,0.7134,0.7134
0.095,-6.1875,0.7037,0.7037
0.0825,-6.175,0.6943,0.6943
0.07,-6.1625,0.6843,0.6843
0.07,-6.15,0.6865,0.6865
0.0575,-6.1375,0.6766,0.6766
0.045,-6.125,0.6671,0.6671
0.045,-6.1125,0.67,0.67
0.045,-6.1,0.672,0.672
0.0325,-6.0875,0.6619,0.6619
0.0325,-6.075,0.6644,0.6644
0.02,-6.0625,0.6549,0.6549
0.0075,-6.05,0.6458,0.6458
0.0075,-6.0375,0.649,0.649
0.0075,-6.025,0.6522,0.6522
-0.005,-6.0125,0.6427,0.6427
-0.0175,-6,0.6329,0.6329
-0.0175,-5.9875,0.635,0.635
-0.0175,-5.975,0.6374,0.6374
-0.03,-5.9625,0.6277,0.6277
-0.0425,-5.95,0.6185,0.6185
-0.0425,-5.9375,0.6216,0.6216
-0.0425,-5.925,0.625,0.625
-0.055,-5.9125,0.6156,0.6156
-0.055,-5.9,0.6185,0.6185
-0.0675,-5.8875,0.6096,0.6096
-0.0675,-5.875,0.613,0.613
-0.08,-5.8625,0.6048,0.6048
-0.08,-5.85,0.6088,0.6088
-0.08,-5.8375,0.613,0.613
-0.0925,-5.825,0.6048,0.6048
-0.0925,-5.8125,0.6088,0.6088
-0.105,-5.8,0.601,0.601
-0.105,-5.7875,0.6048,0.6048
-0.105,-5.775,0.6088,0.6088
-0.105,-5.7625,0.613,0.613
-0.1175,-5.75,0.6048,0.6048
-0.1175,-5.7375,0.6088,0.6088
-0.1175,-5.725,0.613,0.613
-0.13,-5.7125,0.6058,0.6058
-0.13,-5.7,0.6106,0.6106
-0.13,-5.6875,0.6149,0.6149
-0.1425,-5.675,0.6094,0.6094
-0.1425,-5.6625,0.6149,0.6149
-0.1425,-5.65,0.6106,0.6106
-0.1425,-5.6375,0.6058,0.6058
-0.155,-5.625,0.613,0.613
-0.155,-5.6125,0.6088,0.6088
-0.155,-5.6,0.6048,0.6048
-0.1675,-5.5875,0.613,0.613
-0.1675,-5.575,0.6088,0.6088
-0.1675,-5.5625,0.6048,0.6048
-0.18,-5.55,0.613,0.613
-0.18,-5.5375,0.6088,0.6088
-0.18,-5.525,0.6048,0.6048
-0.18,-5.5125,0.601,0.601
-0.18,-5.5,0.5975,0.5975
-0.1925,-5.4875,0.6063,0.6063
-0.1925,-5.475,0.6034,0.6034
-0.1925,-5.4625,0.6007,0.6007
-0.1925,-5.45,0.5982,0.5982
-0.1925,-5.4375,0.5959,0.5959
-0.205,-5.425,0.6063,0.6063
-0.205,-5.4125,0.6047,0.6047
-0.205,-5.4,0.6032,0.6032
-0.205,-5.3875,0.6007,0.6007
-0.2175,-5.375,0.6105,0.6105
-0.2175,-5.3625,0.6083,0.6083
-0.2175,-5.35,0.6063,0.6063
-0.2175,-5.3375,0.6047,0.6047
-0.2175,-5.325,0.6032,0.6032
-0.2175,-5.3125,0.6021,0.6021
-0.23,-5.3,0.6136,0.6136
-0.23,-5.2875,0.613,0.613
-0.23,-5.275,0.6126,0.6126
-0.23,-5.2625,0.6125,0.6125
-0.23,-5.25,0.6125,0.6125
-0.23,-5.2375,0.6125,0.6125
-0.23,-5.225,0.6105,0.6105
-0.2425,-5.2125,0.6206,0.6206
-0.2425,-5.2,0.6187,0.6187
-0.2425,-5.1875,0.6171,0.6171
-0.2425,-5.175,0.6157,0.6157
-0.2425,-5.1625,0.6145,0.6145
-0.2425,-5.15,0.6136,0.6136
-0.2425,-5.1375,0.613,0.613
-0.2425,-5.125,0.6126,0.6126
-0.2425,-5.1125,0.6125,0.6125
-0.2425,-5.1,0.6125,0.6125
-0.255,-5.0875,0.625,0.625
-0.255,-5.075,0.625,0.625
-0.255,-5.0625,0.625,0.625
-0.255,-5.05,0.625,0.625
-0.255,-5.0375,0.625,0.625
-0.255,-5.025,0.625,0.625
-0.255,-5.0125,0.625,0.625
-0.255,-5,0.625,0.625
-0.255,-4.9875,0.625,0.625
-0.255,-4.975,0.625,0.625
-0.255,-4.9625,0.625,0.625
-0.2675,-4.95,0.625,0.625
-0.2675,-4.9375,0.625,0.625
-0.2675,-4.925,0.625,0.625
-0.2675,-4.9125,0.625,0.625
-0.2675,-4.9,0.625,0.625
-0.2675,-4.8875,0.625,0.625
-0.2675,-4.875,0.625,0.625
-0.2675,-4.8625,0.625,0.625
-0.2675,-4.85,0.625,0.625
-0.2675,-4.8375,0.625,0.625
-0.2675,-4.825,0.625,0.625
-0.2675,-4.8125,0.625,0.625
-0.2675,-4.8,0.625,0.625
-0.2675,-4.7875,0.625,0.625
-0.2675,-4.775,0.625,0.625
-0.2675,-4.7625,0.625,0.625
-0.2675,-4.75,0.625,0.625
-0.2675,-4.7375,0.6251,0.6251
-0.2675,-4.725,0.6255,0.6255
-0.2675,-4.7125,0.6261,0.6261
-0.2675,-4.7,0.627,0.627
-0.2675,-4.6875,0.6281,0.6281
-0.2675,-4.675,0.6295,0.6295
-0.2675,-4.6625,0.6311,0.6311
-0.2675,-4.65,0.6329,0.6329
-0.2675,-4.6375,0.635,0.635
-0.2675,-4.625,0.6374,0.6374
-0.2675,-4.6125,0.6375,0.6375
-0.2675,-4.6,0.6375,0.6375
-0.2675,-4.5875,0.6376,0.6376
-0.2675,-4.575,0.638,0.638
-0.2675,-4.5625,0.6386,0.6386
-0.2675,-4.55,0.6395,0.6395
-0.2675,-4.5375,0.6406,0.6406
-0.2675,-4.525,0.6419,0.6419
-0.2675,-4.5125,0.6435,0.6435
-0.2675,-4.5,0.6453,0.6453
-0.2675,-4.4875,0.6474,0.6474
-0.2675,-4.475,0.6496,0.6496
-0.2675,-4.4625,0.6505,0.6505
-0.2675,-4.45,0.6511,0.6511
-0.255,-4.4375,0.6519,0.6519
-0.255,-4.425,0.653,0.653
-0.255,-4.4125,0.6543,0.6543
-0.255,-4.4,0.6559,0.6559
-0.255,-4.3875,0.6576,0.6576
-0.255,-4.375,0.6597,0.6597
-0.2675,-4.3625,0.6619,0.6619
-0.2675,-4.35,0.6644,0.6644
-0.2675,-4.3375,0.6671,0.6671
-0.2675,-4.325,0.67,0.67
-0.2675,-4.3125,0.6731,0.6731
-0.2675,-4.3,0.676,0.676
-0.2675,-4.2875,0.6768,0.6768
-0.2675,-4.275,0.676,0.676
-0.255,-4.2625,0.663,0.663
-0.255,-4.25,0.6626,0.6626
-0.255,-4.2375,0.6625,0.6625
-0.255,-4.225,0.6625,0.6625
-0.255,-4.2125,0.6625,0.6625
-0.2675,-4.2,0.675,0.675
-0.2675,-4.1875,0.6751,0.6751
-0.2675,-4.175,0.6755,0.6755
-0.2675,-4.1625,0.676,0.676
-0.2675,-4.15,0.6768,0.6768
-0.2675,-4.1375,0.6779,0.6779
-0.2675,-4.125,0.6792,0.6792
-0.2675,-4.1125,0.6806,0.6806
-0.28,-4.1,0.6947,0.6947
-0.28,-4.0875,0.6966,0.6966
-0.2925,-4.075,0.7111,0.7111
-0.2925,-4.0625,0.7125,0.7125
-0.305,-4.05,0.725,0.725
-0.305,-4.0375,0.725,0.725
-0.3175,-4.025,0.7375,0.7375
-0.3175,-4.0125,0.7375,0.7375
-0.33,-4,0.75,0.75
-0.3425,-3.9875,0.75,0.75
-0.355,-3.975,0.7477,0.7477
-0.355,-3.9625,0.7555,0.7555
-0.3675,-3.95,0.7538,0.7538
-0.38,-3.9375,0.7526,0.7526
-0.3925,-3.925,0.7518,0.7518
-0.3925,-3.9125,0.7526,0.7526
-0.405,-3.9,0.7538,0.7538
-0.4175,-3.8875,0.7555,0.7555
-0.43,-3.875,0.7576,0.7576
-0.4425,-3.8625,0.7555,0.7555
-0.455,-3.85,0.7538,0.7538
-0.4675,-3.8375,0.7526,0.7526
-0.48,-3.825,0.7518,0.7518
-0.4925,-3.825,0.7518,0.7518
-0.505,-3.8125,0.7526,0.7526
-0.5175,-3.8,0.7538,0.7538
-0.53,-3.7875,0.7555,0.7555
-0.5425,-3.775,0.7576,0.7576
-0.555,-3.775,0.75,0.75
-0.5675,-3.7625,0.7527,0.7527
-0.58,-3.75,0.7558,0.7558
-0.5925,-3.75,0.7489,0.7489
-0.605,-3.7375,0.7526,0.7526
-0.6175,-3.7375,0.746,0.746
-0.63,-3.725,0.7504,0.7504
-0.6425,-3.725,0.7442,0.7442
-0.655,-3.7125,0.7493,0.7493
-0.6675,-3.7125,0.7435,0.7435
-0.68,-3.7125,0.7379,0.7379
-0.6925,-3.7,0.7438,0.7438
-0.705,-3.7,0.7387,0.7387
-0.7175,-3.7,0.7337,0.7337
-0.73,-3.6875,0.7405,0.7405
-0.7425,-3.6875,0.7359,0.7359
-0.755,-3.6875,0.7315,0.7315
-0.7675,-3.675,0.7392,0.7392
-0.78,-3.675,0.7353,0.7353
-0.7925,-3.675,0.7315,0.7315
-0.805,-3.6625,0.74,0.74
-0.8175,-3.6625,0.7368,0.7368
-0.83,-3.6625,0.7337,0.7337
-0.8425,-3.65,0.743,0.743
-0.855,-3.65,0.7404,0.7404
-0.8675,-3.6375,0.7502,0.7502
-0.88,-3.6375,0.748,0.748
-0.8925,-3.6375,0.746,0.746
-0.905,-3.625,0.7566,0.7566
-0.9175,-3.625,0.7551,0.7551
-0.93,-3.625,0.7537,0.7537
-0.9425,-3.6125,0.7651,0.7651
-0.955,-3.6125,0.7641,0.7641
-0.9675,-3.6125,0.7634,0.7634
-0.98,-3.6,0.7754,0.7754
-0.9925,-3.6,0.7751,0.7751
-1.005,-3.6,0.775,0.775
-1.0175,-3.5875,0.7875,0.7875
-1.03,-3.5875,0.7875,0.7875
-1.0425,-3.575,0.8,0.8
-1.055,-3.575,0.8,0.8
-1.0675,-3.575,0.8,0.8
-1.08,-3.575,0.8,0.8
-1.0925,-3.575,0.8001,0.8001
-1.105,-3.575,0.8004,0.8004
-1.1175,-3.5875,0.7884,0.7884
-1.13,-3.5875,0.7891,0.7891
-1.1425,-3.5875,0.79,0.79
-1.155,-3.5875,0.7911,0.7911
-1.1675,-3.5875,0.7923,0.7923
-1.18,-3.6,0.7814,0.7814
-1.1925,-3.6,0.7831,0.7831
-1.205,-3.6,0.785,0.785
-1.2175,-3.6125,0.7748,0.7748
-1.23,-3.6125,0.7771,0.7771
-1.2425,-3.625,0.7674,0.7674
-1.255,-3.625,0.7701,0.7701
-1.2675,-3.625,0.7731,0.7731
-1.28,-3.6375,0.7641,0.7641
-1.2925,-3.6375,0.7675,0.7675
-1.305,-3.6375,0.7711,0.7711
-1.3175,-3.65,0.7629,0.7629
-1.33,-3.65,0.7669,0.7669
-1.3425,-3.6625,0.7593,0.7593
-1.355,-3.6625,0.7637,0.7637
-1.3675,-3.6625,0.7683,0.7683
-1.38,-3.675,0.7616,0.7616
-1.3925,-3.675,0.7666,0.7666
-1.405,-3.6875,0.7604,0.7604
-1.4175,-3.6875,0.7659,0.7659
-1.43,-3.6875,0.7715,0.7715
-1.4425,-3.7,0.7659,0.7659
-1.455,-3.7,0.7715,0.7715
-1.4675,-3.7125,0.7662,0.7662
-1.48,-3.7125,0.7722,0.7722
-1.4925,-3.725,0.7675,0.7675
-1.505,-3.7375,0.7632,0.7632
-1.5175,-3.7375,0.7526,0.7526
-1.53,-3.75,0.743,0.743
-1.5425,-3.7625,0.7337,0.7337
-1.555,-3.775,0.7234,0.7234
-1.5675,-3.7875,0.7134,0.7134
-1.58,-3.8,0.7037,0.7037
-1.5925,-3.8125,0.6943,0.6943
-1.605,-3.825,0.6852,0.6852
-1.605,-3.8375,0.6885,0.6885
-1.6175,-3.85,0.6793,0.6793
-1.63,-3.8625,0.67,0.67
-1.63,-3.875,0.6731,0.6731
-1.6425,-3.8875,0.6644,0.6644
-1.655,-3.9,0.6549,0.6549
-1.655,-3.9125,0.6576,0.6576
-1.655,-3.925,0.6597,0.6597
-1.6675,-3.9375,0.6496,0.6496
-1.6675,-3.95,0.6522,0.6522
-1.68,-3.9625,0.6427,0.6427
-1.68,-3.975,0.6453,0.6453
-1.6925,-3.9875,0.635,0.635
-1.6925,-4,0.6374,0.6374
-1.6925,-4.0125,0.6399,0.6399
-1.705,-4.025,0.6306,0.6306
-1.705,-4.0375,0.6329,0.6329
-1.705,-4.05,0.635,0.635
-1.705,-4.0625,0.6374,0.6374
-1.7175,-4.075,0.6277,0.6277
-1.7175,-4.0875,0.6306,0.6306
-1.7175,-4.1,0.6329,0.6329
-1.7175,-4.1125,0.635,0.635
-1.73,-4.125,0.625,0.625
-1.73,-4.1375,0.625,0.625
-1.73,-4.15,0.6251,0.6251
-1.73,-4.1625,0.6255,0.6255
-1.7425,-4.175,0.6136,0.6136
-1.7425,-4.1875,0.6145,0.6145
-1.7425,-4.2,0.6157,0.6157
-1.7425,-4.2125,0.6171,0.6171
-1.7425,-4.225,0.6187,0.6187
-1.7425,-4.2375,0.6206,0.6206
-1.7425,-4.25,0.6227,0.6227
-1.7425,-4.2625,0.625,0.625
-1.755,-4.275,0.6125,0.6125
-1.755,-4.2875,0.6125,0.6125
-1.755,-4.3,0.6125,0.6125
-1.755,-4.3125,0.6125,0.6125
-1.755,-4.325,0.6125,0.6125
-1.755,-4.3375,0.6125,0.6125
-1.755,-4.35,0.6125,0.6125
-1.755,-4.3625,0.6125,0.6125
-1.755,-4.375,0.6105,0.6105
-1.755,-4.3875,0.6083,0.6083
-1.755,-4.4,0.6063,0.6063
-1.755,-4.4125,0.6047,0.6047
-1.755,-4.425,0.6032,0.6032
-1.755,-4.4375,0.6021,0.6021
-1.755,-4.45,0.6012,0.6012
-1.755,-4.4625,0.6005,0.6005
-1.755,-4.475,0.6001,0.6001
-1.7675,-4.4875,0.6001,0.6001
-1.7675,-4.5,0.6005,0.6005
-1.7675,-4.5125,0.6012,0.6012
-1.7675,-4.525,0.6021,0.6021
-1.7675,-4.5375,0.6032,0.6032
-1.7675,-4.55,0.6047,0.6047
-1.7675,-4.5625,0.6063,0.6063
-1.7675,-4.575,0.6083,0.6083
-1.7675,-4.5875,0.6105,0.6105
-1.7675,-4.6,0.6125,0.6125
-1.7675,-4.6125,0.6125,0.6125
-1.7675,-4.625,0.6125,0.6125
-1.7675,-4.6375,0.6125,0.6125
-1.7675,-4.65,0.6125,0.6125
-1.7675,-4.6625,0.6125,0.6125
-1.7675,-4.675,0.6125,0.6125
-1.7675,-4.6875,0.6125,0.6125
-1.7675,-4.7,0.6126,0.6126
-1.7675,-4.7125,0.613,0.613
-1.7675,-4.725,0.6136,0.6136
-1.7675,-4.7375,0.6145,0.6145
-1.7675,-4.75,0.6157,0.6157
-1.7675,-4.7625,0.6171,0.6171
-1.7675,-4.775,0.6187,0.6187
-1.7675,-4.7875,0.6206,0.6206
-1.7675,-4.8,0.6227,0.6227
-1.7675,-4.8125,0.6206,0.6206
-1.7675,-4.825,0.6187,0.6187
-1.7675,-4.8375,0.6171,0.6171
-1.7675,-4.85,0.6157,0.6157
-1.7675,-4.8625,0.6145,0.6145
-1.7675,-4.875,0.6136,0.6136
-1.7675,-4.8875,0.613,0.613
-1.7675,-4.9,0.6126,0.6126,
-1.7675,-4.9125,0.6125,0.6125,
-1.7675,-4.925,0.6125,0.6125,
-1.7675,-4.9375,0.6125,0.6125,
-1.7675,-4.95,0.6125,0.6125,
-1.7675,-4.9625,0.6125,0.6125,
-1.7675,-4.975,0.6125,0.6125,
-1.7675,-4.9875,0.6125,0.6125,
-1.7675,-5,0.6125,0.6125,
-1.7675,-5.0125,0.6125,0.6125,
-1.7675,-5.025,0.6125,0.6125,
-1.7675,-5.0375,0.6125,0.6125,
-1.78,-5.05,0.625,0.625,
-1.78,-5.0625,0.625,0.625,
-1.78,-5.075,0.625,0.625,
-1.78,-5.0875,0.625,0.625,
-1.78,-5.1,0.625,0.625,
-1.78,-5.1125,0.625,0.625,
-1.78,-5.125,0.6251,0.6251,
-1.78,-5.1375,0.6255,0.6255,
-1.78,-5.15,0.6261,0.6261,
-1.78,-5.1625,0.627,0.627,
-1.78,-5.175,0.6281,0.6281,
-1.78,-5.1875,0.6295,0.6295,
-1.78,-5.2,0.6311,0.6311,
-1.78,-5.2125,0.6329,0.6329,
-1.78,-5.225,0.635,0.635,
-1.78,-5.2375,0.6374,0.6374,
-1.78,-5.25,0.6375,0.6375,
-1.78,-5.2625,0.6375,0.6375,
-1.78,-5.275,0.6375,0.6375,
-1.78,-5.2875,0.6375,0.6375,
-1.78,-5.3,0.6375,0.6375,
-1.78,-5.3125,0.6375,0.6375,
-1.78,-5.325,0.6375,0.6375,
-1.78,-5.3375,0.6376,0.6376,
-1.78,-5.35,0.638,0.638,
-1.78,-5.3625,0.6386,0.6386,
-1.78,-5.375,0.6395,0.6395,
-1.78,-5.3875,0.6406,0.6406,
-1.78,-5.4,0.6419,0.6419,
-1.78,-5.4125,0.6435,0.6435,
-1.78,-5.425,0.6453,0.6453,
-1.78,-5.4375,0.6474,0.6474,
-1.78,-5.45,0.6496,0.6496,
-1.78,-5.4625,0.65,0.65,
-1.78,-5.475,0.65,0.65,
-1.78,-5.4875,0.65,0.65,
-1.78,-5.5,0.65,0.65,
-1.78,-5.5125,0.65,0.65,
-1.78,-5.525,0.65,0.65,
-1.78,-5.5375,0.65,0.65,
-1.78,-5.55,0.6501,0.6501,
-1.78,-5.5625,0.6505,0.6505,
-1.78,-5.575,0.6511,0.6511,
-1.78,-5.5875,0.6519,0.6519,
-1.78,-5.6,0.653,0.653,
-1.78,-5.6125,0.6543,0.6543,
-1.78,-5.625,0.6559,0.6559,
-1.78,-5.6375,0.6576,0.6576,
-1.78,-5.65,0.6597,0.6597,
-1.78,-5.6625,0.6619,0.6619,
-1.78,-5.675,0.6625,0.6625,
-1.78,-5.6875,0.6625,0.6625,
-1.78,-5.7,0.6625,0.6625,
-1.78,-5.7125,0.6625,0.6625,
-1.78,-5.725,0.6625,0.6625,
-1.78,-5.7375,0.6625,0.6625,
-1.78,-5.75,0.6625,0.6625,
-1.78,-5.7625,0.6626,0.6626,
-1.78,-5.775,0.663,0.663,
-1.78,-5.7875,0.6636,0.6636,
-1.78,-5.8,0.6644,0.6644,
-1.7675,-5.8125,0.6779,0.6779,
-1.7675,-5.825,0.6792,0.6792,
-1.7675,-5.8375,0.6806,0.6806,
-1.7675,-5.85,0.6824,0.6824,
-1.7675,-5.8625,0.6843,0.6843,
-1.7675,-5.875,0.6865,0.6865,
-1.7675,-5.8875,0.6875,0.6875,
-1.7675,-5.9,0.6875,0.6875,
-1.7675,-5.9125,0.6875,0.6875,
-1.755,-5.925,0.7,0.7,
-1.755,-5.9375,0.7,0.7,
-1.755,-5.95,0.7,0.7,
-1.755,-5.9625,0.7,0.7,
-1.755,-5.975,0.7001,0.7001,
-1.755,-5.9875,0.7004,0.7004,
-1.755,-6,0.701,0.701,
-1.755,-6.0125,0.7018,0.7018,
-1.755,-6.025,0.7028,0.7028,
-1.755,-6.0375,0.704,0.704,
-1.755,-6.05,0.7054,0.7054,
-1.755,-6.0625,0.7071,0.7071,
-1.7425,-6.075,0.7213,0.7213,
-1.7425,-6.0875,0.7234,0.7234,
-1.7425,-6.1,0.725,0.725,
-1.7425,-6.1125,0.725,0.725,
-1.7425,-6.125,0.725,0.725,
-1.7425,-6.1375,0.725,0.725,
-1.7425,-6.15,0.725,0.725,
-1.7425,-6.1625,0.725,0.725,
-1.73,-6.175,0.7375,0.7375,
-1.73,-6.1875,0.7376,0.7376,
-1.73,-6.2,0.7379,0.7379,
-1.73,-6.2125,0.7385,0.7385,
-1.73,-6.225,0.7392,0.7392,
-1.73,-6.2375,0.7401,0.7401,
-1.73,-6.25,0.7413,0.7413,
-1.73,-6.2625,0.7427,0.7427,
-1.73,-6.275,0.7442,0.7442,
-1.73,-6.2875,0.746,0.746,
-1.73,-6.3,0.748,0.748,
-1.73,-6.3125,0.75,0.75,
-1.7175,-6.325,0.7625,0.7625,
-1.7175,-6.3375,0.7625,0.7625,
-1.7175,-6.35,0.7625,0.7625,
-1.7175,-6.3625,0.7625,0.7625,
-1.7175,-6.375,0.7625,0.7625,
-1.7175,-6.3875,0.7625,0.7625,
-1.7175,-6.4,0.7626,0.7626,
-1.7175,-6.4125,0.7629,0.7629,
-1.7175,-6.425,0.7634,0.7634,
-1.7175,-6.4375,0.7641,0.7641,
-1.7175,-6.45,0.7651,0.7651,
-1.7175,-6.4625,0.7662,0.7662,
-1.7175,-6.475,0.7675,0.7675,
-1.7175,-6.4875,0.769,0.769,
-1.7175,-6.5,0.7708,0.7708,
-1.7175,-6.5125,0.7727,0.7727,
-1.705,-6.525,0.7871,0.7871,
-1.705,-6.5375,0.7875,0.7875,
-1.705,-6.55,0.7875,0.7875,
-1.705,-6.5625,0.7875,0.7875,
-1.705,-6.575,0.7875,0.7875,
-1.705,-6.5875,0.7875,0.7875,
-1.705,-6.6,0.7875,0.7875,
-1.705,-6.6125,0.7876,0.7876,
-1.705,-6.625,0.7879,0.7879,
-1.705,-6.6375,0.7884,0.7884,
-1.6925,-6.65,0.8016,0.8016,
-1.6925,-6.6625,0.8024,0.8024,
-1.6925,-6.675,0.8035,0.8035,
-1.68,-6.6875,0.8172,0.8172,
-1.68,-6.7,0.8186,0.8186,
-1.6675,-6.7125,0.8326,0.8326,
-1.6675,-6.725,0.8344,0.8344,
-1.6675,-6.7375,0.8364,0.8364,
-1.6675,-6.75,0.8375,0.8375,
-1.655,-6.7625,0.8339,0.8339,
-1.655,-6.775,0.8364,0.8364,
-1.6425,-6.7875,0.8262,0.8262,
-1.6425,-6.8,0.8286,0.8286,
-1.6425,-6.8125,0.8311,0.8311,
-1.63,-6.825,0.8217,0.8217,
-1.63,-6.8375,0.8246,0.8246,
-1.63,-6.85,0.8277,0.8277,
-1.63,-6.8625,0.831,0.831,
-1.6175,-6.875,0.8217,0.8217,
-1.6175,-6.8875,0.8246,0.8246,
-1.605,-6.9,0.8157,0.8157,
-1.605,-6.9125,0.8189,0.8189,
-1.605,-6.925,0.8217,0.8217,
-1.5925,-6.9375,0.8117,0.8117,
-1.5925,-6.95,0.8139,0.8139,
-1.5925,-6.9625,0.8163,0.8163,
-1.5925,-6.975,0.8189,0.8189,
-1.58,-6.9875,0.8095,0.8095,
-1.5675,-7,0.8004,0.8004,
-1.5675,-7.0125,0.8036,0.8036,
-1.5675,-7.025,0.807,0.807,
-1.555,-7.0375,0.7986,0.7986,
-1.555,-7.05,0.8024,0.8024,
-1.555,-7.0625,0.8064,0.8064,
-1.555,-7.075,0.8106,0.8106,
-1.5425,-7.0875,0.8032,0.8032,
-1.53,-7.1,0.7962,0.7962,
-1.53,-7.1125,0.801,0.801,
-1.53,-7.125,0.8059,0.8059,
-1.5175,-7.1375,0.7997,0.7997,
-1.5175,-7.15,0.8051,0.8051,
-1.5175,-7.1625,0.8106,0.8106,
-1.505,-7.175,0.8051,0.8051,
-1.4925,-7.1875,0.7994,0.7994,
-1.4925,-7.2,0.8052,0.8052,
-1.4925,-7.2125,0.8111,0.8111,
-1.48,-7.225,0.8051,0.8051,
-1.48,-7.2375,0.8106,0.8106,
-1.4675,-7.25,0.8052,0.8052,
-1.4675,-7.2625,0.8111,0.8111,
-1.455,-7.275,0.8062,0.8062,
-1.455,-7.2875,0.8125,0.8125,
-1.455,-7.3,0.8189,0.8189,
-1.4425,-7.3125,0.8149,0.8149,
-1.43,-7.325,0.8111,0.8111,
-1.4175,-7.3375,0.8062,0.8062,
-1.4175,-7.35,0.8125,0.8125,
-1.405,-7.3625,0.8083,0.8083,
-1.3925,-7.375,0.8044,0.8044,
-1.3925,-7.3875,0.8112,0.8112,
-1.38,-7.4,0.808,0.808,
-1.3675,-7.4125,0.8051,0.8051,
-1.355,-7.425,0.8025,0.8025,
-1.355,-7.4375,0.8102,0.8102,
-1.3425,-7.45,0.808,0.808,
-1.33,-7.4625,0.8051,0.8051,
-1.3175,-7.475,0.8025,0.8025,
-1.3175,-7.4875,0.8083,0.8083,
-1.305,-7.5,0.8083,0.8083,
-1.2925,-7.5125,0.8067,0.8067,
-1.28,-7.525,0.8055,0.8055,
-1.2675,-7.5375,0.8048,0.8048,
-1.2675,-7.55,0.8044,0.8044,
-1.255,-7.5625,0.8044,0.8044,
-1.2425,-7.575,0.8044,0.8044,
-1.23,-7.5875,0.8025,0.8025,
-1.2175,-7.6,0.8004,0.8004,
-1.205,-7.6125,0.7986,0.7986,
-1.1925,-7.6125,0.8048,0.8048,
-1.18,-7.625,0.8055,0.8055,
-1.1675,-7.6375,0.8048,0.8048,
-1.155,-7.65,0.8025,0.8025,
-1.1425,-7.65,0.8004,0.8004,
-1.13,-7.6625,0.8025,0.8025,
-1.1175,-7.675,0.8051,0.8051,
-1.105,-7.6875,0.8055,0.8055,
-1.0925,-7.7,0.8048,0.8048,
-1.08,-7.7,0.8025,0.8025,
-1.0675,-7.7125,0.8051,0.8051,
-1.055,-7.725,0.808,0.808,
-1.0425,-7.7375,0.8102,0.8102,
-1.03,-7.7375,0.8025,0.8025,
-1.0175,-7.75,0.8051,0.8051,
-1.005,-7.7625,0.808,0.808,
-0.9925,-7.775,0.8112,0.8112,
-0.98,-7.7875,0.8149,0.8149,
-0.9675,-7.8,0.8149,0.8149,
-0.955,-7.8,0.8112,0.8112,
-0.9425,-7.8125,0.8149,0.8149,
-0.93,-7.825,0.8182,0.8182,
-0.9175,-7.825,0.8112,0.8112,
-0.905,-7.8375,0.8149,0.8149,
-0.8925,-7.85,0.8189,0.8189,
-0.88,-7.8625,0.8233,0.8233,
-0.8675,-7.8625,0.8171,0.8171,
-0.855,-7.875,0.8217,0.8217,
-0.8425,-7.8875,0.8254,0.8254,
-0.83,-7.8875,0.8182,0.8182,
-0.8175,-7.9,0.8217,0.8217,
-0.805,-7.9125,0.8255,0.8255,
-0.7925,-7.9125,0.8189,0.8189,
-0.78,-7.925,0.8233,0.8233,
-0.7675,-7.9375,0.828,0.828,
-0.755,-7.9375,0.8221,0.8221,
-0.7425,-7.95,0.8274,0.8274,
-0.73,-7.9625,0.833,0.833,
-0.7175,-7.9625,0.8274,0.8274,
-0.705,-7.975,0.833,0.833,
-0.6925,-7.975,0.8274,0.8274,
-0.68,-7.9875,0.833,0.833,
-0.6675,-8,0.8385,0.8385,
-0.655,-8.0125,0.8442,0.8442,
-0.6425,-8.025,0.8497,0.8497,
-0.63,-8.025,0.8443,0.8443,
-0.6175,-8.0375,0.8504,0.8504,
-0.605,-8.0375,0.8453,0.8453,
-0.5925,-8.05,0.8519,0.8519,
-0.58,-8.0625,0.8589,0.8589,
-0.5675,-8.075,0.8661,0.8661,
-0.555,-8.0875,0.8732,0.8732,
-0.5425,-8.1,0.8798,0.8798,
-0.53,-8.1125,0.8867,0.8867,
-0.5175,-8.125,0.8939,0.8939,
-0.505,-8.1375,0.9002,0.9002,
-0.4925,-8.15,0.9062,0.9062,
-0.4925,-8.1625,0.9156,0.9156,
-0.48,-8.175,0.9197,0.9197,
-0.4675,-8.1875,0.9241,0.9241,
-0.455,-8.2,0.9288,0.9288,
-0.455,-8.2125,0.9228,0.9228,
-0.4425,-8.225,0.928,0.928,
-0.43,-8.2375,0.9336,0.9336,
-0.43,-8.25,0.9281,0.9281,
-0.4175,-8.2625,0.9342,0.9342,
-0.405,-8.275,0.9405,0.9405,
-0.405,-8.2875,0.9356,0.9356,
-0.3925,-8.3,0.9424,0.9424,
-0.38,-8.3125,0.9495,0.9495,
-0.3675,-8.325,0.9569,0.9569,
-0.3675,-8.3375,0.9527,0.9527,
-0.3675,-8.35,0.9487,0.9487,
-0.3675,-8.3625,0.9448,0.9448,
-0.355,-8.375,0.9527,0.9527,
-0.355,-8.3875,0.9487,0.9487,
-0.355,-8.4,0.9448,0.9448,
-0.355,-8.4125,0.9411,0.9411,
-0.355,-8.425,0.9375,0.9375,
-0.3425,-8.4375,0.9461,0.9461,
-0.3425,-8.45,0.9429,0.9429,
-0.3425,-8.4625,0.9398,0.9398,
-0.3425,-8.475,0.9369,0.9369,
-0.33,-8.4875,0.9464,0.9464,
-0.33,-8.5,0.9438,0.9438,
-0.33,-8.5125,0.9414,0.9414,
-0.33,-8.525,0.9392,0.9392,
-0.33,-8.5375,0.9371,0.9371,
-0.33,-8.55,0.9352,0.9352,
-0.33,-8.5625,0.9334,0.9334,
-0.3425,-8.575,0.9194,0.9194,
-0.3425,-8.5875,0.918,0.918,
-0.3425,-8.6,0.9167,0.9167,
-0.355,-8.6125,0.9031,0.9031,
-0.355,-8.625,0.9022,0.9022,
-0.355,-8.6375,0.9014,0.9014,
-0.3675,-8.65,0.8883,0.8883,
-0.3675,-8.6625,0.8879,0.8879,
-0.3675,-8.675,0.8876,0.8876,
-0.38,-8.6875,0.875,0.875,
-0.38,-8.7,0.875,0.875,
-0.3925,-8.7125,0.8625,0.8625,
-0.3925,-8.725,0.8625,0.8625,
-0.3925,-8.7375,0.8625,0.8625,
-0.405,-8.75,0.85,0.85,
-0.405,-8.7625,0.8501,0.8501,
-0.405,-8.775,0.8504,0.8504,
-0.4175,-8.7875,0.8383,0.8383,
-0.4175,-8.8,0.839,0.839,
-0.43,-8.8125,0.8274,0.8274,
-0.43,-8.825,0.8284,0.8284,
-0.4425,-8.8375,0.8172,0.8172,
-0.4425,-8.85,0.8186,0.8186,
-0.455,-8.8625,0.8079,0.8079,
-0.455,-8.875,0.8097,0.8097,
-0.4675,-8.8875,0.7994,0.7994,
-0.4675,-8.9,0.8017,0.8017,
-0.4675,-8.9125,0.8041,0.8041,
-0.48,-8.925,0.7945,0.7945,
-0.48,-8.9375,0.7974,0.7974,
-0.4925,-8.95,0.7883,0.7883,
-0.4925,-8.9625,0.7916,0.7916,
-0.505,-8.975,0.783,0.783,
-0.505,-8.9875,0.7867,0.7867,
-0.5175,-9,0.7787,0.7787,
-0.5175,-9.0125,0.7828,0.7828,
-0.53,-9.025,0.7748,0.7748,
-0.53,-9.0375,0.7787,0.7787,
-0.5425,-9.05,0.7711,0.7711,
-0.5425,-9.0625,0.7754,0.7754,
-0.555,-9.075,0.7683,0.7683,
-0.555,-9.0875,0.7731,0.7731,
-0.5675,-9.1,0.7666,0.7666,
-0.5675,-9.1125,0.7718,0.7718,
-0.58,-9.125,0.7659,0.7659,
-0.58,-9.1375,0.7715,0.7715,
-0.5925,-9.15,0.7659,0.7659,
-0.5925,-9.1625,0.7715,0.7715,
-0.605,-9.175,0.7662,0.7662,
-0.6175,-9.1875,0.7613,0.7613,
-0.63,-9.2,0.7567,0.7567,
-0.6425,-9.2125,0.7526,0.7526,
-0.6425,-9.225,0.7547,0.7547,
-0.655,-9.2375,0.7476,0.7476,
-0.6675,-9.25,0.7405,0.7405,
-0.68,-9.2625,0.7337,0.7337,
-0.6925,-9.275,0.7273,0.7273,
-0.705,-9.2875,0.7212,0.7212,
-0.7175,-9.3,0.7156,0.7156,
-0.73,-9.3125,0.71,0.71,
-0.7425,-9.3125,0.7156,0.7156,
-0.755,-9.325,0.7103,0.7103,
-0.7675,-9.3375,0.7046,0.7046,
-0.78,-9.35,0.6988,0.6988,
-0.7925,-9.35,0.7038,0.7038,
-0.805,-9.3625,0.6964,0.6964,
-0.8175,-9.3625,0.701,0.701,
-0.83,-9.375,0.6943,0.6943,
-0.8425,-9.3875,0.6852,0.6852,
-0.855,-9.3875,0.6885,0.6885,
-0.8675,-9.4,0.6801,0.6801,
-0.88,-9.4125,0.672,0.672,
-0.8925,-9.4125,0.676,0.676,
-0.905,-9.425,0.6681,0.6681,
-0.9175,-9.425,0.672,0.672,
-0.93,-9.4375,0.6643,0.6643,
-0.9425,-9.4375,0.6681,0.6681,
-0.955,-9.4375,0.672,0.672,
-0.9675,-9.45,0.6643,0.6643,
-0.98,-9.45,0.6681,0.6681,
-0.9925,-9.45,0.672,0.672,
-1.005,-9.4625,0.6643,0.6643,
-1.0175,-9.4625,0.6686,0.6686,
-1.03,-9.4625,0.6731,0.6731,
-1.0425,-9.4625,0.6708,0.6708,
-1.055,-9.4625,0.6653,0.6653,
-1.0675,-9.475,0.6714,0.6714,
-1.08,-9.475,0.6664,0.6664,
-1.0925,-9.475,0.6616,0.6616,
-1.105,-9.475,0.6569,0.6569,
-1.1175,-9.475,0.6525,0.6525,
-1.13,-9.475,0.6483,0.6483,
-1.1425,-9.475,0.6443,0.6443,
-1.155,-9.4875,0.6525,0.6525,
-1.1675,-9.4875,0.649,0.649,
-1.18,-9.4875,0.6458,0.6458,
-1.1925,-9.4875,0.6427,0.6427,
-1.205,-9.4875,0.6399,0.6399,
-1.2175,-9.4875,0.6374,0.6374,
-1.23,-9.4875,0.635,0.635,
-1.2425,-9.5,0.6453,0.6453,
-1.255,-9.5,0.6435,0.6435,
-1.2675,-9.5,0.6419,0.6419,
-1.28,-9.5,0.6406,0.6406,
-1.2925,-9.5,0.6395,0.6395,
-1.305,-9.5,0.6386,0.6386,
-1.3175,-9.5125,0.6505,0.6505,
-1.33,-9.5125,0.6501,0.6501,
-1.3425,-9.5125,0.65,0.65,
-1.355,-9.5125,0.65,0.65,
-1.3675,-9.5125,0.65,0.65,
-1.38,-9.5125,0.65,0.65,
-1.3925,-9.5125,0.65,0.65,
-1.405,-9.525,0.6625,0.6625,
-1.4175,-9.525,0.6625,0.6625,
-1.43,-9.525,0.6626,0.6626,
-1.4425,-9.525,0.663,0.663,
-1.455,-9.525,0.6636,0.6636
-1.4675,-9.525,0.6644,0.6644
-1.48,-9.525,0.6654,0.6654
-1.4925,-9.525,0.6667,0.6667
-1.505,-9.525,0.6683,0.6683
-1.5175,-9.525,0.67,0.67
-1.53,-9.525,0.672,0.672
-1.5425,-9.525,0.6742,0.6742
-1.555,-9.525,0.6766,0.6766
-1.5675,-9.525,0.6793,0.6793
-1.58,-9.525,0.6821,0.6821
-1.5925,-9.5375,0.6875,0.6875
-1.605,-9.5375,0.6875,0.6875
-1.6175,-9.5375,0.6876,0.6876
-1.63,-9.5375,0.688,0.688
-1.6425,-9.5375,0.6885,0.6885
-1.655,-9.5375,0.6893,0.6893
-1.6675,-9.5375,0.6903,0.6903
-1.68,-9.5375,0.6916,0.6916
-1.6925,-9.5375,0.6903,0.6903
-1.705,-9.5375,0.6893,0.6893
-1.7175,-9.5375,0.6885,0.6885
-1.73,-9.5375,0.688,0.688
-1.7425,-9.5375,0.6876,0.6876
-1.755,-9.5375,0.6875,0.6875
-1.7675,-9.5375,0.6875,0.6875
-1.78,-9.5375,0.6875,0.6875
-1.7925,-9.5375,0.6875,0.6875
-1.805,-9.5375,0.6875,0.6875
-1.8175,-9.5375,0.6875,0.6875
-1.83,-9.525,0.7,0.7
-1.8425,-9.525,0.6988,0.6988
-1.855,-9.525,0.6966,0.6966
-1.8675,-9.525,0.6947,0.6947
-1.88,-9.5125,0.7054,0.7054
-1.8925,-9.5125,0.704,0.704
-1.905,-9.5125,0.7028,0.7028
-1.9175,-9.5125,0.7018,0.7018
-1.93,-9.5125,0.701,0.701
-1.9425,-9.5,0.7129,0.7129
-1.955,-9.5,0.7126,0.7126
-1.9675,-9.5,0.7125,0.7125
-1.98,-9.4875,0.725,0.725
-1.9925,-9.4875,0.725,0.725
-2.005,-9.4875,0.725,0.725
-2.0175,-9.475,0.7357,0.7357
-2.03,-9.475,0.7337,0.7337
-2.0425,-9.4625,0.7442,0.7442
-2.055,-9.4625,0.7427,0.7427
-2.0675,-9.4625,0.7413,0.7413
-2.08,-9.45,0.7526,0.7526
-2.0925,-9.45,0.7517,0.7517
-2.105,-9.4375,0.7634,0.7634
-2.1175,-9.4375,0.7625,0.7625
-2.13,-9.4375,0.7603,0.7603
-2.1425,-9.425,0.7708,0.7708
-2.155,-9.425,0.769,0.769
-2.1675,-9.4125,0.7799,0.7799
-2.18,-9.4125,0.7786,0.7786
-2.1925,-9.4,0.79,0.79
-2.205,-9.4,0.7891,0.7891
-2.2175,-9.3875,0.8009,0.8009
-2.23,-9.375,0.8117,0.8117
-2.2425,-9.375,0.8097,0.8097
-2.255,-9.3625,0.8203,0.8203
-2.2675,-9.35,0.831,0.831
-2.28,-9.35,0.8286,0.8286
-2.2925,-9.3375,0.8385,0.8385
-2.305,-9.3375,0.8364,0.8364
-2.3175,-9.325,0.8468,0.8468
-2.33,-9.325,0.845,0.845
-2.3425,-9.3125,0.8559,0.8559
-2.355,-9.3125,0.8545,0.8545
-2.3675,-9.3,0.8654,0.8654
-2.38,-9.2875,0.8754,0.8754
-2.3925,-9.2875,0.8734,0.8734
-2.405,-9.275,0.8839,0.8839
-2.4175,-9.2625,0.8946,0.8946
-2.43,-9.2625,0.8914,0.8914
-2.4425,-9.25,0.9004,0.9004
-2.455,-9.25,0.8973,0.8973
-2.4675,-9.2375,0.9053,0.9053
-2.48,-9.2375,0.9011,0.9011
-2.4925,-9.225,0.9077,0.9077
-2.505,-9.2125,0.9146,0.9146
-2.5175,-9.2,0.9217,0.9217
-2.53,-9.1875,0.9291,0.9291
-2.5425,-9.1875,0.925,0.925
-2.555,-9.175,0.9329,0.9329
-2.5675,-9.1625,0.9409,0.9409
-2.58,-9.1625,0.9368,0.9368
-2.5925,-9.15,0.9448,0.9448
-2.605,-9.1375,0.9527,0.9527
-2.6175,-9.125,0.9605,0.9605
-2.63,-9.1125,0.9684,0.9684
-2.6425,-9.1,0.9737,0.9737
-2.655,-9.0875,0.9787,0.9787
-2.6675,-9.075,0.9839,0.9839
-2.68,-9.0625,0.9895,0.9895
-2.6925,-9.05,0.9899,0.9899
-2.705,-9.05,0.9884,0.9884
-2.7175,-9.0375,0.9906,0.9906
-2.73,-9.025,0.9914,0.9914
-2.7425,-9.0125,0.9925,0.9925
-2.755,-9,0.9939,0.9939
-2.7675,-8.9875,0.9956,0.9956
-2.78,-8.9875,0.9878,0.9878
-2.7925,-8.975,0.99,0.99
-2.805,-8.9625,0.9925,0.9925
-2.8175,-8.95,0.9939,0.9939
-2.83,-8.9375,0.9956,0.9956
-2.8425,-8.925,0.9977,0.9977
-2.855,-8.9125,1,1
-2.8675,-8.9,1.0027,1.0027
-2.88,-8.8875,1.0056,1.0056
-2.8925,-8.875,1.0027,1.0027
-2.905,-8.8625,1,1
-2.9175,-8.85,0.9977,0.9977
-2.93,-8.8375,0.9954,0.9954
-2.9425,-8.825,0.9926,0.9926
-2.955,-8.8125,0.99,0.99
-2.955,-8.8,0.9977,0.9977
-2.9675,-8.7875,0.9953,0.9953
-2.98,-8.775,0.9895,0.9895
-2.9925,-8.7625,0.9839,0.9839
-3.005,-8.75,0.9783,0.9783
-3.0175,-8.7375,0.9728,0.9728
-3.0175,-8.725,0.9783,0.9783
-3.03,-8.7125,0.9728,0.9728
-3.0425,-8.7,0.9657,0.9657
-3.055,-8.6875,0.9587,0.9587
-3.055,-8.675,0.9635,0.9635
-3.0675,-8.6625,0.9569,0.9569
-3.0675,-8.65,0.9612,0.9612
-3.08,-8.6375,0.954,0.954
-3.0925,-8.625,0.9471,0.9471
-3.105,-8.6125,0.9405,0.9405
-3.105,-8.6,0.9448,0.9448
-3.1175,-8.5875,0.9368,0.9368
-3.1175,-8.575,0.9398,0.9398
-3.13,-8.5625,0.9308,0.9308
-3.1425,-8.55,0.922,0.922
-3.1425,-8.5375,0.9247,0.9247
-3.155,-8.525,0.9146,0.9146
-3.155,-8.5125,0.9167,0.9167
-3.1675,-8.5,0.9055,0.9055
-3.18,-8.4875,0.8946,0.8946
-3.1925,-8.475,0.8839,0.8839
-3.1925,-8.4625,0.8857,0.8857
-3.1925,-8.45,0.8875,0.8875
-3.205,-8.4375,0.875,0.875
-3.2175,-8.425,0.8625,0.8625
-3.2175,-8.4125,0.8625,0.8625
-3.23,-8.4,0.85,0.85
-3.23,-8.3875,0.85,0.85
-3.2425,-8.375,0.8375,0.8375
-3.255,-8.3625,0.825,0.825
-3.255,-8.35,0.825,0.825
-3.255,-8.3375,0.825,0.825
-3.2675,-8.325,0.8125,0.8125
-3.2675,-8.3125,0.8125,0.8125
-3.28,-8.3,0.8,0.8
-3.28,-8.2875,0.8,0.8
-3.2925,-8.275,0.7875,0.7875
-3.2925,-8.2625,0.7875,0.7875
-3.305,-8.25,0.775,0.775
-3.305,-8.2375,0.775,0.775
-3.305,-8.225,0.775,0.775
-3.3175,-8.2125,0.7625,0.7625
-3.33,-8.2,0.75,0.75
-3.33,-8.1875,0.75,0.75
-3.33,-8.175,0.75,0.75
-3.33,-8.1625,0.75,0.75
-3.3425,-8.15,0.7375,0.7375
-3.3425,-8.1375,0.7375,0.7375
-3.3425,-8.125,0.7357,0.7357
-3.3425,-8.1125,0.7337,0.7337
-3.355,-8.1,0.7195,0.7195
-3.355,-8.0875,0.7179,0.7179
-3.355,-8.075,0.7164,0.7164
-3.355,-8.0625,0.7152,0.7152
-3.3675,-8.05,0.7018,0.7018
-3.3675,-8.0375,0.701,0.701
-3.3675,-8.025,0.7004,0.7004
-3.3675,-8.0125,0.7001,0.7001
-3.3675,-8,0.7,0.7
-3.38,-7.9875,0.6876,0.6876
-3.38,-7.975,0.688,0.688
-3.38,-7.9625,0.6885,0.6885
-3.38,-7.95,0.6893,0.6893
-3.38,-7.9375,0.6903,0.6903
-3.3925,-7.925,0.6792,0.6792
-3.3925,-7.9125,0.6806,0.6806
-3.3925,-7.9,0.6824,0.6824
-3.3925,-7.8875,0.6843,0.6843
-3.3925,-7.875,0.6865,0.6865
-3.3925,-7.8625,0.6875,0.6875
-3.405,-7.85,0.675,0.675
-3.405,-7.8375,0.675,0.675
-3.405,-7.825,0.675,0.675
-3.405,-7.8125,0.675,0.675
-3.405,-7.8,0.675,0.675
-3.405,-7.7875,0.675,0.675
-3.4175,-7.775,0.6625,0.6625
-3.4175,-7.7625,0.6625,0.6625
-3.4175,-7.75,0.6626,0.6626
-3.4175,-7.7375,0.663,0.663
-3.4175,-7.725,0.6636,0.6636
-3.4175,-7.7125,0.6644,0.6644
-3.4175,-7.7,0.6654,0.6654
-3.4175,-7.6875,0.6667,0.6667
-3.43,-7.675,0.6559,0.6559
-3.43,-7.6625,0.6576,0.6576
-3.43,-7.65,0.6597,0.6597
-3.43,-7.6375,0.6619,0.6619
-3.43,-7.625,0.6636,0.6636
-3.4425,-7.6125,0.6519,0.6519
-3.4425,-7.6,0.653,0.653
-3.4425,-7.5875,0.6543,0.6543
-3.4425,-7.575,0.6559,0.6559
-3.4425,-7.5625,0.6576,0.6576
-3.4425,-7.55,0.6597,0.6597
-3.4425,-7.5375,0.6619,0.6619
-3.4425,-7.525,0.6644,0.6644
-3.455,-7.5125,0.6543,0.6543
-3.455,-7.5,0.6559,0.6559
-3.455,-7.4875,0.6576,0.6576
-3.455,-7.475,0.6597,0.6597
-3.455,-7.4625,0.6619,0.6619
-3.455,-7.45,0.6644,0.6644
-3.455,-7.4375,0.6667,0.6667
-3.455,-7.425,0.6683,0.6683
-3.455,-7.4125,0.67,0.67
-3.455,-7.4,0.672,0.672
-3.4675,-7.3875,0.6619,0.6619
-3.4675,-7.375,0.6636,0.6636
-3.4675,-7.3625,0.6644,0.6644
-3.4675,-7.35,0.6654,0.6654
-3.4675,-7.3375,0.6667,0.6667
-3.4675,-7.325,0.6683,0.6683
-3.4675,-7.3125,0.67,0.67
-3.4675,-7.3,0.6681,0.6681
-3.48,-7.2875,0.6619,0.6619
-3.48,-7.275,0.6626,0.6626
-3.48,-7.2625,0.663,0.663
-3.48,-7.25,0.6636,0.6636
-3.48,-7.2375,0.6644,0.6644
-3.48,-7.225,0.6619,0.6619
-3.48,-7.2125,0.6597,0.6597
-3.48,-7.2,0.6576,0.6576
-3.48,-7.1875,0.6559,0.6559
-3.48,-7.175,0.6543,0.6543
-3.48,-7.1625,0.6522,0.6522
-3.48,-7.15,0.6496,0.6496
-3.48,-7.1375,0.6474,0.6474
-3.4925,-7.125,0.6576,0.6576
-3.4925,-7.1125,0.6559,0.6559
-3.4925,-7.1,0.6543,0.6543
-3.4925,-7.0875,0.653,0.653
-3.4925,-7.075,0.6519,0.6519
-3.4925,-7.0625,0.6511,0.6511
-3.4925,-7.05,0.6505,0.6505
-3.4925,-7.0375,0.6501,0.6501
-3.4925,-7.025,0.65,0.65
-3.4925,-7.0125,0.65,0.65
-3.4925,-7,0.65,0.65
-3.4925,-6.9875,0.65,0.65
-3.4925,-6.975,0.65,0.65
-3.4925,-6.9625,0.65,0.65
-3.4925,-6.95,0.65,0.65
-3.4925,-6.9375,0.65,0.65
-3.4925,-6.925,0.65,0.65
-3.4925,-6.9125,0.65,0.65
-3.4925,-6.9,0.6501,0.6501
-3.505,-6.8875,0.663,0.663
-3.505,-6.875,0.6636,0.6636
-3.505,-6.8625,0.6644,0.6644
-3.505,-6.85,0.6654,0.6654
-3.505,-6.8375,0.6667,0.6667
-3.505,-6.825,0.6683,0.6683
-3.505,-6.8125,0.67,0.67
-3.505,-6.8,0.672,0.672
-3.505,-6.7875,0.6742,0.6742
-3.505,-6.775,0.675,0.675
-3.505,-6.7625,0.675,0.675
-3.505,-6.75,0.675,0.675
-3.505,-6.7375,0.675,0.675
-3.505,-6.725,0.675,0.675
-3.5175,-6.7125,0.6875,0.6875
-3.5175,-6.7,0.6875,0.6875
-3.5175,-6.6875,0.6875,0.6875
-3.5175,-6.675,0.6875,0.6875
-3.5175,-6.6625,0.6875,0.6875
-3.5175,-6.65,0.6875,0.6875
-3.5175,-6.6375,0.6875,0.6875
-3.5175,-6.625,0.6876,0.6876
-3.5175,-6.6125,0.688,0.688
-3.5175,-6.6,0.6885,0.6885
-3.5175,-6.5875,0.6893,0.6893
-3.5175,-6.575,0.6903,0.6903
-3.5175,-6.5625,0.6916,0.6916
-3.5175,-6.55,0.693,0.693
-3.5175,-6.5375,0.6947,0.6947
-3.5175,-6.525,0.6966,0.6966
-3.53,-6.5125,0.6876,0.6876
-3.53,-6.5,0.688,0.688
-3.5175,-6.4875,0.7,0.7
-3.5175,-6.475,0.7,0.7
-3.5175,-6.4625,0.7,0.7
-3.5175,-6.45,0.7,0.7
-3.5175,-6.4375,0.7,0.7
-3.5175,-6.425,0.7,0.7
-3.5175,-6.4125,0.7,0.7
-3.5175,-6.4,0.7,0.7
-3.5175,-6.3875,0.7,0.7
-3.5175,-6.375,0.7,0.7
-3.5175,-6.3625,0.7,0.7
-3.5175,-6.35,0.7,0.7
-3.5175,-6.3375,0.7001,0.7001
-3.5175,-6.325,0.7004,0.7004
-3.5175,-6.3125,0.701,0.701
-3.53,-6.3,0.7018,0.7018
-3.53,-6.2875,0.7028,0.7028
-3.53,-6.275,0.704,0.704
-3.53,-6.2625,0.7054,0.7054
-3.53,-6.25,0.7071,0.7071
-3.53,-6.2375,0.709,0.709
-3.53,-6.225,0.7111,0.7111
-3.53,-6.2125,0.7125,0.7125
-3.5175,-6.2,0.7125,0.7125
-3.5175,-6.1875,0.7125,0.7125
-3.5175,-6.175,0.7125,0.7125
-3.5175,-6.1625,0.7125,0.7125
-3.5175,-6.15,0.7125,0.7125
-3.5175,-6.1375,0.7125,0.7125
-3.5175,-6.125,0.7125,0.7125
-3.5175,-6.1125,0.7125,0.7125
-3.5175,-6.1,0.7125,0.7125
-3.5175,-6.0875,0.7125,0.7125
-3.53,-6.075,0.7152,0.7152
-3.53,-6.0625,0.7164,0.7164
-3.53,-6.05,0.7179,0.7179
-3.53,-6.0375,0.7195,0.7195
-3.53,-6.025,0.7213,0.7213
-3.53,-6.0125,0.7234,0.7234
-3.53,-6,0.725,0.725
-3.53,-5.9875,0.725,0.725
-3.53,-5.975,0.725,0.725
-3.53,-5.9625,0.725,0.725
-3.53,-5.95,0.7251,0.7251
-3.53,-5.9375,0.7254,0.7254
-3.53,-5.925,0.726,0.726
-3.53,-5.9125,0.7267,0.7267
-3.5175,-5.9,0.725,0.725
-3.5175,-5.8875,0.725,0.725
-3.5175,-5.875,0.725,0.725
-3.5175,-5.8625,0.725,0.725
-3.5175,-5.85,0.725,0.725
-3.5175,-5.8375,0.725,0.725
-3.505,-5.825,0.7125,0.7125
-3.505,-5.8125,0.7125,0.7125
-3.505,-5.8,0.7125,0.7125
-3.505,-5.7875,0.7125,0.7125
-3.505,-5.775,0.7126,0.7126
-3.505,-5.7625,0.7129,0.7129
-3.505,-5.75,0.7135,0.7135
-3.4925,-5.7375,0.7018,0.7018
-3.4925,-5.725,0.7028,0.7028
-3.4925,-5.7125,0.704,0.704
-3.4925,-5.7,0.7054,0.7054
-3.4925,-5.6875,0.7071,0.7071
-3.4925,-5.675,0.709,0.709
-3.4925,-5.6625,0.7111,0.7111
-3.48,-5.65,0.7,0.7
-3.48,-5.6375,0.7,0.7
-3.48,-5.625,0.7,0.7
-3.48,-5.6125,0.7,0.7
-3.4675,-5.6,0.6875,0.6875
-3.4675,-5.5875,0.6875,0.6875
-3.4675,-5.575,0.6875,0.6875
-3.4675,-5.5625,0.6875,0.6875
-3.4675,-5.55,0.6875,0.6875
-3.4675,-5.5375,0.6875,0.6875
-3.4675,-5.525,0.6875,0.6875
-3.455,-5.5125,0.675,0.675
-3.455,-5.5,0.6751,0.6751
-3.455,-5.4875,0.6755,0.6755
-3.455,-5.475,0.676,0.676
-3.455,-5.4625,0.6768,0.6768
-3.455,-5.45,0.6779,0.6779
-3.455,-5.4375,0.6792,0.6792
-3.455,-5.425,0.6806,0.6806
-3.4425,-5.4125,0.67,0.67
-3.4425,-5.4,0.672,0.672
-3.4425,-5.3875,0.6742,0.6742
-3.43,-5.375,0.6625,0.6625
-3.43,-5.3625,0.6625,0.6625
-3.43,-5.35,0.6625,0.6625
-3.43,-5.3375,0.6625,0.6625
-3.43,-5.325,0.6625,0.6625
-3.43,-5.3125,0.6625,0.6625
-3.43,-5.3,0.6625,0.6625
-3.43,-5.2875,0.6625,0.6625
-3.4175,-5.275,0.65,0.65
-3.4175,-5.2625,0.65,0.65
-3.4175,-5.25,0.65,0.65
-3.4175,-5.2375,0.65,0.65
-3.4175,-5.225,0.6501,0.6501
-3.4175,-5.2125,0.6505,0.6505
-3.4175,-5.2,0.6511,0.6511
-3.4175,-5.1875,0.6519,0.6519
-3.4175,-5.175,0.653,0.653
-3.405,-5.1625,0.6419,0.6419
-3.405,-5.15,0.6435,0.6435
-3.405,-5.1375,0.6453,0.6453
-3.405,-5.125,0.6474,0.6474
-3.405,-5.1125,0.6496,0.6496
-3.405,-5.1,0.65,0.65
-3.3925,-5.0875,0.6375,0.6375
-3.3925,-5.075,0.6375,0.6375
-3.3925,-5.0625,0.6375,0.6375
-3.3925,-5.05,0.6375,0.6375
-3.3925,-5.0375,0.6375,0.6375
-3.3925,-5.025,0.6375,0.6375
-3.3925,-5.0125,0.6375,0.6375
-3.3925,-5,0.6375,0.6375
-3.3925,-4.9875,0.6375,0.6375
-3.3925,-4.975,0.6375,0.6375
-3.3925,-4.9625,0.6375,0.6375
-3.3925,-4.95,0.6375,0.6375
-3.3925,-4.9375,0.6376,0.6376
-3.3925,-4.925,0.638,0.638
-3.3925,-4.9125,0.6386,0.6386
-3.38,-4.9,0.627,0.627
-3.38,-4.8875,0.6281,0.6281
-3.38,-4.875,0.6295,0.6295
-3.38,-4.8625,0.6311,0.6311
-3.38,-4.85,0.6329,0.6329
-3.3675,-4.8375,0.6227,0.6227
-3.3675,-4.825,0.625,0.625
-3.3675,-4.8125,0.625,0.625
-3.3675,-4.8,0.625,0.625
-3.3675,-4.7875,0.625,0.625
-3.3675,-4.775,0.625,0.625
-3.3675,-4.7625,0.625,0.625
-3.3675,-4.75,0.625,0.625
-3.3675,-4.7375,0.625,0.625
-3.3675,-4.725,0.625,0.625
-3.3675,-4.7125,0.625,0.625
-3.355,-4.7,0.6125,0.6125
-3.355,-4.6875,0.6125,0.6125
-3.355,-4.675,0.6125,0.6125
-3.355,-4.6625,0.6126,0.6126
-3.355,-4.65,0.613,0.613
-3.355,-4.6375,0.6136,0.6136
-3.355,-4.625,0.6145,0.6145
-3.3425,-4.6125,0.6032,0.6032
-3.3425,-4.6,0.6047,0.6047
-3.3425,-4.5875,0.6063,0.6063
-3.3425,-4.575,0.6083,0.6083
-3.3425,-4.5625,0.6105,0.6105
-3.3425,-4.55,0.6125,0.6125
-3.3425,-4.5375,0.6125,0.6125
-3.3425,-4.525,0.6125,0.6125
-3.33,-4.5125,0.6,0.6
-3.33,-4.5,0.6,0.6
-3.33,-4.4875,0.6,0.6
-3.33,-4.475,0.6,0.6
-3.33,-4.4625,0.6,0.6
-3.33,-4.45,0.6,0.6
-3.33,-4.4375,0.6,0.6
-3.33,-4.425,0.6,0.6
-3.33,-4.4125,0.6,0.6
-3.3175,-4.4,0.5875,0.5875
-3.3175,-4.3875,0.5876,0.5876
-3.3175,-4.375,0.588,0.588
-3.3175,-4.3625,0.5887,0.5887
-3.305,-4.35,0.5772,0.5772
-3.305,-4.3375,0.5784,0.5784
-3.305,-4.325,0.5799,0.5799
-3.305,-4.3125,0.5816,0.5816
-3.305,-4.3,0.5836,0.5836
-3.305,-4.2875,0.5859,0.5859
-3.2925,-4.275,0.575,0.575
-3.2925,-4.2625,0.575,0.575
-3.2925,-4.25,0.575,0.575
-3.2925,-4.2375,0.575,0.575
-3.2925,-4.225,0.575,0.575
-3.2925,-4.2125,0.575,0.575
-3.2925,-4.2,0.575,0.575
-3.2925,-4.1875,0.575,0.575
-3.28,-4.175,0.5625,0.5625
-3.28,-4.1625,0.5625,0.5625
-3.28,-4.15,0.5625,0.5625
-3.28,-4.1375,0.5626,0.5626
-3.28,-4.125,0.5631,0.5631
-3.2675,-4.1125,0.5513,0.5513
-3.2675,-4.1,0.5523,0.5523
-3.2675,-4.0875,0.5535,0.5535
-3.2675,-4.075,0.5551,0.5551
-3.2675,-4.0625,0.5569,0.5569
-3.255,-4.05,0.5467,0.5467
-3.255,-4.0375,0.5491,0.5491
-3.255,-4.025,0.5501,0.5501
-3.255,-4.0125,0.5506,0.5506
-3.255,-4,0.5513,0.5513
-3.255,-3.9875,0.5523,0.5523
-3.255,-3.975,0.5535,0.5535
-3.2425,-3.9625,0.5427,0.5427
-3.2425,-3.95,0.5446,0.5446
-3.2425,-3.9375,0.5467,0.5467
-3.2425,-3.925,0.5491,0.5491
-3.2425,-3.9125,0.55,0.55
-3.2425,-3.9,0.5501,0.5501
-3.23,-3.8875,0.5381,0.5381
-3.23,-3.875,0.5388,0.5388
-3.23,-3.8625,0.5398,0.5398
-3.23,-3.85,0.5411,0.5411
-3.2175,-3.8375,0.5303,0.5303
-3.2175,-3.825,0.5322,0.5322
-3.2175,-3.8125,0.5344,0.5344
-3.2175,-3.8,0.5369,0.5369
-3.2175,-3.7875,0.5397,0.5397
-3.205,-3.775,0.5303,0.5303
-3.205,-3.7625,0.5322,0.5322
-3.205,-3.75,0.5344,0.5344
-3.205,-3.7375,0.5369,0.5369
-3.205,-3.725,0.5397,0.5397
-3.205,-3.7125,0.5416,0.5416
-3.1925,-3.7,0.5322,0.5322
-3.1925,-3.6875,0.5344,0.5344
-3.1925,-3.675,0.5369,0.5369